Filename,CID,Job ID,Status,Created,Deal State,Deal Message,Piece CID,Miner
deplatformr-open-images-423.tar,QmRZyY1YBt4roCAgkH751NyUgAnLRwWuPeMWoTRfe1UyDL,a14f4bf9-799a-4339-b4e4-3c3e54a1466c,JOB_STATUS_EXECUTING,2020-11-20 18:48:25
,,,,,StorageDealStartDataTransfer,,baga6ea4seaqgdog3lzohulpcmmxct7giykog44hq2mfekymj2246jqdeh2ieqki,f02665
,,,,,StorageDealStartDataTransfer,,baga6ea4seaqgdog3lzohulpcmmxct7giykog44hq2mfekymj2246jqdeh2ieqki,f022308
,,,,,StorageDealActive,,baga6ea4seaqgdog3lzohulpcmmxct7giykog44hq2mfekymj2246jqdeh2ieqki,f022352
deplatformr-open-images-297.tar,QmdqjygbFn1cHgZrgjqmEwjTt8KHuLgaiCxG5ggkt4Nife,1b48fc47-3de4-42cc-8b55-aebba9547e41,JOB_STATUS_EXECUTING,2020-11-14 19:33:24
,,,,,StorageDealTransferring,,baga6ea4seaqhe4vv22k5iodxbi4ut45ddbiwzr4imwns4bqcwdtyqg3n3gacyja,f022308
,,,,,StorageDealActive,,baga6ea4seaqhe4vv22k5iodxbi4ut45ddbiwzr4imwns4bqcwdtyqg3n3gacyja,f022352
deplatformr-open-images-353.tar,QmUPnDxSLqUtARYDKmFS12a1iiL1HYN7RbP22TW7FUSYGw,302f39e1-9a7a-439b-a0da-6e05965b03dc,JOB_STATUS_EXECUTING,2020-11-13 20:03:54
,,,,,StorageDealStartDataTransfer,,baga6ea4seaqducjo6266dpr6354twvh7maihoaiu34prpl34cxdothpbjzframi,f022352
,,,,,StorageDealStartDataTransfer,,baga6ea4seaqducjo6266dpr6354twvh7maihoaiu34prpl34cxdothpbjzframi,f022308
deplatformr-open-images-384.tar,QmUmvWgeqgJgbRRgFevFLQW5wf1HkSjqxkGHro1FfgSLYK,359496fe-082d-4140-8eb7-e950d8ce81b7,JOB_STATUS_EXECUTING,2020-11-17 04:44:54
,,,,,StorageDealStartDataTransfer,,baga6ea4seaqbyx35ixuezaxbfoihxerqltzgfs35fw4734aw77bz576cdwoa2oi,f022308
,,,,,StorageDealActive,,baga6ea4seaqbyx35ixuezaxbfoihxerqltzgfs35fw4734aw77bz576cdwoa2oi,f022352
,,,,,StorageDealStartDataTransfer,,baga6ea4seaqbyx35ixuezaxbfoihxerqltzgfs35fw4734aw77bz576cdwoa2oi,f02665
deplatformr-open-images-377.tar,QmSMo6gmM1RNYwhraGekehqWPkDXjHUeFq8zRyacEu26mX,449e2163-c1ef-4a9b-a1a8-8eb0cf19b268,JOB_STATUS_EXECUTING,2020-11-15 19:44:40
,,,,,StorageDealTransferring,,baga6ea4seaqdoxvxko5gymssmt7aiqbiqxavfmhyzjuk4rdvdtgft7y75ed6efy,f022308
,,,,,StorageDealTransferring,,baga6ea4seaqdoxvxko5gymssmt7aiqbiqxavfmhyzjuk4rdvdtgft7y75ed6efy,f02665
,,,,,StorageDealActive,,baga6ea4seaqdoxvxko5gymssmt7aiqbiqxavfmhyzjuk4rdvdtgft7y75ed6efy,f022352
deplatformr-open-images-382.tar,QmWwriTB4W57e246uzjL3k7LJmPEYK3SAtQQ4t4eDQe11Y,479e28c8-f448-4d26-a502-24bfc461243b,JOB_STATUS_EXECUTING,2020-11-17 04:44:29
,,,,,StorageDealStartDataTransfer,,baga6ea4seaqm25jnf3jmqofngay7xuku3ealxdffb5nanqzbidsbgrb345t4aba,f022352
,,,,,StorageDealStartDataTransfer,,baga6ea4seaqm25jnf3jmqofngay7xuku3ealxdffb5nanqzbidsbgrb345t4aba,f02665
,,,,,StorageDealStartDataTransfer,,baga6ea4seaqm25jnf3jmqofngay7xuku3ealxdffb5nanqzbidsbgrb345t4aba,f022308
deplatformr-open-images-268.tar,QmRQRS2WDytUP3YaCBWp8FP3258A3kDdnsu89LsPT7k1jT,69603822-615c-4bea-a949-2704a2cf1c29,JOB_STATUS_EXECUTING,2020-11-19 22:18:39
,,,,,StorageDealStartDataTransfer,,baga6ea4seaqjpcre7qxypxzqh5bwer2hgstlclgxgofnaoo4x4ujniabkcvz6mq,f022308
deplatformr-open-images-335.tar,Qmef1XACVeyDDUz97xMWdaGT52pG3ktBapx2aaZQaphG7U,6f142139-f774-4f35-9d73-a72edc9c41d7,JOB_STATUS_EXECUTING,2020-11-13 19:28:19
,,,,,StorageDealCheckForAcceptance,,baga6ea4seaqo2iwc5fgskyftq2u47nv43cs2pkabjd37gvgnbkix7ns7ta5bafq,f02665
,,,,,StorageDealStartDataTransfer,,baga6ea4seaqo2iwc5fgskyftq2u47nv43cs2pkabjd37gvgnbkix7ns7ta5bafq,f022308
,,,,,StorageDealActive,,baga6ea4seaqo2iwc5fgskyftq2u47nv43cs2pkabjd37gvgnbkix7ns7ta5bafq,f022352
deplatformr-open-images-363.tar,QmNkw9gcYJkuA4aawc7qbDLQx1eTgbyanzYtqtm9AX7Nme,a404c16c-3621-4e60-9a42-e0d25f5ba50d,JOB_STATUS_EXECUTING,2020-11-19 22:18:34
,,,,,StorageDealStartDataTransfer,,baga6ea4seaqgpfe37b44oq4jpw4uly5eer7tezo34jayszyvq3gt64otcmw2ejy,f022308
,,,,,StorageDealActive,,baga6ea4seaqgpfe37b44oq4jpw4uly5eer7tezo34jayszyvq3gt64otcmw2ejy,f022352
deplatformr-open-images-414.tar,QmW8dEagwFsZ4Vg82e19TjuKoq4U24hNm641eFNoySTAZ9,b0cc49d2-6015-4550-bdc2-ad89d958914b,JOB_STATUS_EXECUTING,2020-11-20 04:03:00
,,,,,StorageDealStartDataTransfer,,baga6ea4seaqjpzgxrvdfow6yy5yvpxb7iugmcd4iyblm72dsktzoaa3tdozkgfq,f02665
,,,,,StorageDealTransferring,,baga6ea4seaqjpzgxrvdfow6yy5yvpxb7iugmcd4iyblm72dsktzoaa3tdozkgfq,f02665
,,,,,StorageDealActive,,baga6ea4seaqjpzgxrvdfow6yy5yvpxb7iugmcd4iyblm72dsktzoaa3tdozkgfq,f022352
deplatformr-open-images-220.tar,QmYw7Y7WMwuAWqXFX6u7M44LyLWDkBeUeQMgKjZDzUgcNV,d9029ef0-1f60-4fed-9167-508008ca1fff,JOB_STATUS_EXECUTING,2020-11-04 20:40:50
,,,,,StorageDealStartDataTransfer,,baga6ea4seaqetrpfimylcssa73dcfbu7j2c6xss45aesex2kirkjwoedjqptcka,f022352
,,,,,StorageDealStartDataTransfer,,baga6ea4seaqetrpfimylcssa73dcfbu7j2c6xss45aesex2kirkjwoedjqptcka,f022308
deplatformr-open-images-359.tar,QmSFonGuWvGwPE2f7Zy5Bkst2RaGfN1sqkDjA1oSJGru5e,e3c72cef-8815-4e14-a936-b2baac5a956d,JOB_STATUS_EXECUTING,2020-11-13 20:05:13
,,,,,StorageDealError,"sending proposal to storage provider failed: exhausted 5 attempts but failed to open stream, err: protocol not supported",baga6ea4seaqfltq2dtlkljx7lw34tfymfqon7pglly2g5uwnmbebkkwxi4psafq,f02665
,,,,,StorageDealStartDataTransfer,,baga6ea4seaqfltq2dtlkljx7lw34tfymfqon7pglly2g5uwnmbebkkwxi4psafq,f022352
,,,,,StorageDealStartDataTransfer,,baga6ea4seaqfltq2dtlkljx7lw34tfymfqon7pglly2g5uwnmbebkkwxi4psafq,f022308
deplatformr-open-images-269.tar,QmZtRcmqX7UrfX4zztrdCU2si5qT77ifAY7WYrNoX5euK9,1062c34c-f0c7-47ea-af06-038bd9ac6178,JOB_STATUS_EXECUTING,2020-11-26 01:37:08
deplatformr-open-images-244.tar,QmTfkoyn982dV7ETTmuUocVbsdbcpVGx9dwCAoEBX2RKb4,0700e09b-682d-4130-acfc-b8acde314bba,JOB_STATUS_EXECUTING,2020-11-06 04:08:25
,,,,,StorageDealStartDataTransfer,,baga6ea4seaqfdiev73tzwuzw3hc3etqi54hqp4iu7pgti4udrmvohpnmk3we2mq,f022352
,,,,,StorageDealStartDataTransfer,,baga6ea4seaqfdiev73tzwuzw3hc3etqi54hqp4iu7pgti4udrmvohpnmk3we2mq,f022308
,,,,,StorageDealError,"sending proposal to storage provider failed: exhausted 5 attempts but failed to open stream, err: protocol not supported",baga6ea4seaqfdiev73tzwuzw3hc3etqi54hqp4iu7pgti4udrmvohpnmk3we2mq,f02665
deplatformr-open-images-245.tar,QmXHNC36RkUtRr29TZmE9AWDDXvCA5sRgyZWzUp8tw6fR2,7585aa20-b82f-4a76-bbc8-d920af76f100,JOB_STATUS_EXECUTING,2020-11-19 22:18:45
,,,,,StorageDealActive,,baga6ea4seaqocbzeuuqecrilhwbitvyeu5654hzsusiin3k6yv3xhij4xkolkiq,f022352
,,,,,StorageDealStartDataTransfer,,baga6ea4seaqocbzeuuqecrilhwbitvyeu5654hzsusiin3k6yv3xhij4xkolkiq,f02665
deplatformr-open-images-213.tar,QmNPumKQAtJXM3cgtihQU8AMpDvojEpZtwxRMe3cqHtS7S,99d771be-79cd-4a1e-bc43-82e8c3d9a164,JOB_STATUS_EXECUTING,2020-11-19 22:18:35
,,,,,StorageDealStartDataTransfer,,baga6ea4seaqppo35spzudwqfad6qoscdleovvvuizvn7auwwfvnupdifirl36py,f022308
,,,,,StorageDealError,"sending proposal to storage provider failed: exhausted 5 attempts but failed to open stream, err: protocol not supported",baga6ea4seaqppo35spzudwqfad6qoscdleovvvuizvn7auwwfvnupdifirl36py,f02665
,,,,,StorageDealStartDataTransfer,,baga6ea4seaqppo35spzudwqfad6qoscdleovvvuizvn7auwwfvnupdifirl36py,f022352
deplatformr-open-images-349.tar,Qmf2xWnxjvVtZo3wJdUZECWjJEojeqwszrTDPKxFFjJzKS,cb8108fe-dda9-4fde-9c3d-021945bd7425,JOB_STATUS_EXECUTING,2020-11-13 19:28:22
,,,,,StorageDealStartDataTransfer,,baga6ea4seaqfr5wednnda7436rthiaqcgwjodltin2x655lz7s5iofeskkyuqoy,f02665
,,,,,StorageDealStartDataTransfer,,baga6ea4seaqfr5wednnda7436rthiaqcgwjodltin2x655lz7s5iofeskkyuqoy,f022308
,,,,,StorageDealStartDataTransfer,,baga6ea4seaqfr5wednnda7436rthiaqcgwjodltin2x655lz7s5iofeskkyuqoy,f022352
deplatformr-open-images-343.tar,QmZ1KN62eqBDxzLozQGgbDCvKPdeMRLs9e95n4m47g61o8,cd8417c7-76ed-4392-b9fa-a6fb31b12e42,JOB_STATUS_EXECUTING,2020-11-13 19:28:22
,,,,,StorageDealStartDataTransfer,,baga6ea4seaqcqnrd262h4e3gr7gnesqjq6hjlee6ohmcieuhqlknaku6jl23cmq,f02665
,,,,,StorageDealActive,,baga6ea4seaqcqnrd262h4e3gr7gnesqjq6hjlee6ohmcieuhqlknaku6jl23cmq,f022352
,,,,,StorageDealStartDataTransfer,,baga6ea4seaqcqnrd262h4e3gr7gnesqjq6hjlee6ohmcieuhqlknaku6jl23cmq,f022308
deplatformr-open-images-366.tar,QmZFr1gVYj6W7hqhLa1FhrsecbxAEJyefBDr5WcFD3sZye,f5b76fb4-f6a9-4102-8885-a93aff4163f2,JOB_STATUS_EXECUTING,2020-11-15 04:04:43
,,,,,StorageDealStartDataTransfer,,baga6ea4seaqpttcboc5zs5umda75n4s5t7z2pfhyp4hajap4w7w2r3s72lzxqoi,f022352
,,,,,StorageDealStartDataTransfer,,baga6ea4seaqpttcboc5zs5umda75n4s5t7z2pfhyp4hajap4w7w2r3s72lzxqoi,f02665
,,,,,StorageDealStartDataTransfer,,baga6ea4seaqpttcboc5zs5umda75n4s5t7z2pfhyp4hajap4w7w2r3s72lzxqoi,f022308
deplatformr-open-images-248.tar,Qme3SUQMEAymamiN4GM6HdSce6xoZSsLDbeeYqkF4JC2b8,dbfd5f38-0921-492d-abdd-301a7a5aeed2,JOB_STATUS_EXECUTING,2020-11-06 04:09:28
,,,,,StorageDealStartDataTransfer,,baga6ea4seaqlp32reztdz7bqhge2mewqk6dkmtyn6n7iyt4ujyxyrj5h572cmcq,f02665
,,,,,StorageDealStartDataTransfer,,baga6ea4seaqlp32reztdz7bqhge2mewqk6dkmtyn6n7iyt4ujyxyrj5h572cmcq,f022308
,,,,,StorageDealStartDataTransfer,,baga6ea4seaqlp32reztdz7bqhge2mewqk6dkmtyn6n7iyt4ujyxyrj5h572cmcq,f022352
deplatformr-open-images-346.tar,QmR2RsFMbs5iDDUTVHpkq2ANiT28NiFbFCUYazGtTwMCDw,118784f5-c9d3-42e9-9e2f-eda9b1185330,JOB_STATUS_EXECUTING,2020-11-13 19:27:43
,,,,,StorageDealStartDataTransfer,,baga6ea4seaqgjikjgkf5d2i46p5mn2zvp47petzfoz5wsbwkdv5eazrdlr4gegy,f022352
,,,,,StorageDealStartDataTransfer,,baga6ea4seaqgjikjgkf5d2i46p5mn2zvp47petzfoz5wsbwkdv5eazrdlr4gegy,f022308
deplatformr-open-images-400.tar,QmWAQruQNzLPMUF5iK1NUYMXcTayJaiowU8VtPQUNFGnuq,3139eb0e-ce17-4f8a-8599-0b4baf1929d7,JOB_STATUS_EXECUTING,2020-11-19 22:18:41
,,,,,StorageDealError,"sending proposal to storage provider failed: exhausted 5 attempts but failed to open stream, err: dial backoff",baga6ea4seaqh4sxlgjyngtnkk3dpr6l4kkl6vhnao3frvefw3aaepfhweb6jmni,f02665
,,,,,StorageDealStartDataTransfer,,baga6ea4seaqh4sxlgjyngtnkk3dpr6l4kkl6vhnao3frvefw3aaepfhweb6jmni,f022308
,,,,,StorageDealStartDataTransfer,,baga6ea4seaqh4sxlgjyngtnkk3dpr6l4kkl6vhnao3frvefw3aaepfhweb6jmni,f022352
deplatformr-open-images-401.tar,QmeVA9w3rj88zYg2DBKVcwagsLw4oMHBbDrDYnq2hk7MnV,3861387c-7015-4c04-862c-8a2d5f5df94f,JOB_STATUS_EXECUTING,2020-11-19 19:36:45
,,,,,StorageDealStartDataTransfer,,baga6ea4seaqompbtcuedfag5gqhwsqwglf7me5iqjjshdfw47utp3ofqgwaoacy,f02665
,,,,,StorageDealStartDataTransfer,,baga6ea4seaqompbtcuedfag5gqhwsqwglf7me5iqjjshdfw47utp3ofqgwaoacy,f022308
,,,,,StorageDealActive,,baga6ea4seaqompbtcuedfag5gqhwsqwglf7me5iqjjshdfw47utp3ofqgwaoacy,f022352
deplatformr-open-images-344.tar,QmPkHaHddznkctJHRGoGFdBfyP9dnEEcKUaBKXUSC5BzXa,7af8fefe-d3d1-48e0-9410-a1df2bcb147c,JOB_STATUS_EXECUTING,2020-11-13 19:28:21
,,,,,StorageDealStartDataTransfer,,baga6ea4seaqcne5tzvx5n24kpyu4aqcsiqz3sqquvbehryu6ovdcnz7ael2guki,f022308
,,,,,StorageDealStartDataTransfer,,baga6ea4seaqcne5tzvx5n24kpyu4aqcsiqz3sqquvbehryu6ovdcnz7ael2guki,f022352
deplatformr-open-images-375.tar,QmVnsHADG2hRqYbvKef2WbbJ1GYZyAbsfFWU9WSw9jksTe,af6e8227-3fd8-4bad-9b4c-110aafe2945c,JOB_STATUS_EXECUTING,2020-11-15 19:43:41
,,,,,StorageDealStartDataTransfer,,baga6ea4seaqfnrga6urh5xihxvyjv4lywtbakckeki6osabwn4qy2p6ywfntcfq,f022352
,,,,,StorageDealStartDataTransfer,,baga6ea4seaqfnrga6urh5xihxvyjv4lywtbakckeki6osabwn4qy2p6ywfntcfq,f022308
,,,,,StorageDealStartDataTransfer,,baga6ea4seaqfnrga6urh5xihxvyjv4lywtbakckeki6osabwn4qy2p6ywfntcfq,f02665
deplatformr-open-images-398.tar,QmbBKnzZDbyi2Rb2PJDUE9TfNomdauw7sPH51w2tZZpLe1,bb082b75-47dc-4dfc-9f9e-eb3dcdbac5b2,JOB_STATUS_EXECUTING,2020-11-18 02:52:23
,,,,,StorageDealStartDataTransfer,,baga6ea4seaqo4dkcj7jaymr6ur2zfx632qnmm2r44kyu56ibqzeztgizg6zjkaq,f02665
,,,,,StorageDealStartDataTransfer,,baga6ea4seaqo4dkcj7jaymr6ur2zfx632qnmm2r44kyu56ibqzeztgizg6zjkaq,f022352
,,,,,StorageDealStartDataTransfer,,baga6ea4seaqo4dkcj7jaymr6ur2zfx632qnmm2r44kyu56ibqzeztgizg6zjkaq,f022308
deplatformr-open-images-410.tar,QmQuvCkMjnc8T7Hz99ieWsLNDZbbENmQGE1SisqgzHUzG8,cba35c0f-9235-4103-9d3b-fd974ce99f78,JOB_STATUS_EXECUTING,2020-11-19 19:38:31
,,,,,StorageDealActive,,baga6ea4seaqaqkjt5fe2pl75zqfc2wmuldihnuo4lmdzxbfembwzr7mdjkbvspa,f022352
,,,,,StorageDealTransferring,,baga6ea4seaqaqkjt5fe2pl75zqfc2wmuldihnuo4lmdzxbfembwzr7mdjkbvspa,f02665
,,,,,StorageDealStartDataTransfer,,baga6ea4seaqaqkjt5fe2pl75zqfc2wmuldihnuo4lmdzxbfembwzr7mdjkbvspa,f022308
deplatformr-open-images-218.tar,QmcCNW8cnw6Q2bUgKEqSJmBYzYxY9PWjs8qf3A7VymRXyH,fd1c9c49-2b03-4eb7-afac-6da8035b0dda,JOB_STATUS_EXECUTING,2020-11-05 18:49:06
,,,,,StorageDealStartDataTransfer,,baga6ea4seaqj2ccldewcuv7h67o5sck2dsuxb4scai46bvgisj7yi6eeryrj6kq,f022352
,,,,,StorageDealStartDataTransfer,,baga6ea4seaqj2ccldewcuv7h67o5sck2dsuxb4scai46bvgisj7yi6eeryrj6kq,f022308
deplatformr-open-images-237.tar,QmSpv1yDZo2Y8o2LKVKEhsgHD4xchewVgfJPhc7KgbSn5s,bfeb3e47-864e-40cc-9258-0b72440e4448,JOB_STATUS_EXECUTING,2020-11-05 21:08:20
,,,,,StorageDealStartDataTransfer,,baga6ea4seaqa3o7peznyhpolr6fy3tq4v5vmtco4th6fnhqnso6stzog6gyoqpy,f02665
,,,,,StorageDealStartDataTransfer,,baga6ea4seaqa3o7peznyhpolr6fy3tq4v5vmtco4th6fnhqnso6stzog6gyoqpy,f022352
,,,,,StorageDealStartDataTransfer,,baga6ea4seaqa3o7peznyhpolr6fy3tq4v5vmtco4th6fnhqnso6stzog6gyoqpy,f022308
deplatformr-open-images-199.tar,QmXdLWLJHKd3dcz7ZgH64YA4AZgixwpQnyGswhhAGqoAKM,cd753330-1c0d-469c-81d4-2452f469e153,JOB_STATUS_EXECUTING,2020-11-21 22:19:18
,,,,,StorageDealActive,,baga6ea4seaqpa7ww7hexhpzr7uipa7aup4hhrd4inhssmejsnawegyxsxpy5wda,f02665
,,,,,StorageDealActive,,baga6ea4seaqpa7ww7hexhpzr7uipa7aup4hhrd4inhssmejsnawegyxsxpy5wda,f08403
,,,,,StorageDealClientTransferRestart,,baga6ea4seaqpa7ww7hexhpzr7uipa7aup4hhrd4inhssmejsnawegyxsxpy5wda,f02665
,,,,,StorageDealActive,,baga6ea4seaqpa7ww7hexhpzr7uipa7aup4hhrd4inhssmejsnawegyxsxpy5wda,f022352
,,,,,StorageDealActive,,baga6ea4seaqpa7ww7hexhpzr7uipa7aup4hhrd4inhssmejsnawegyxsxpy5wda,f022308
,,,,,StorageDealClientTransferRestart,,baga6ea4seaqpa7ww7hexhpzr7uipa7aup4hhrd4inhssmejsnawegyxsxpy5wda,f02665
,,,,,StorageDealActive,,baga6ea4seaqpa7ww7hexhpzr7uipa7aup4hhrd4inhssmejsnawegyxsxpy5wda,f01276
deplatformr-open-images-412.tar,QmaFfatTBhuiL9boQJKuzaPrbuWAppECGZsb8D6azBcLrH,d9ef4a6f-9843-4fab-a6b5-1ed67aed8327,JOB_STATUS_EXECUTING,2020-11-20 04:02:36
,,,,,StorageDealActive,,baga6ea4seaqit4auatxzkx36k2di7ipdqweziw5zoheukeyydp4xj6of74efsgy,f022352
,,,,,StorageDealStartDataTransfer,,baga6ea4seaqit4auatxzkx36k2di7ipdqweziw5zoheukeyydp4xj6of74efsgy,f022308
,,,,,StorageDealStartDataTransfer,,baga6ea4seaqit4auatxzkx36k2di7ipdqweziw5zoheukeyydp4xj6of74efsgy,f02665
deplatformr-open-images-407.tar,QmRZLbfdGQSawHZh8pCF9CXwoToXbDTDD3mq35zHfgixyG,dd321e88-430a-4e97-88aa-db5bca950d6d,JOB_STATUS_EXECUTING,2020-11-19 19:37:54
,,,,,StorageDealStartDataTransfer,,baga6ea4seaqcwfagkc34xe3nfiekwyyvmd5lhgdtj47wwjnxxbrvdvu34efpyfq,f022308
,,,,,StorageDealError,error reading Response message: stream reset,baga6ea4seaqcwfagkc34xe3nfiekwyyvmd5lhgdtj47wwjnxxbrvdvu34efpyfq,f02665
,,,,,StorageDealStartDataTransfer,,baga6ea4seaqcwfagkc34xe3nfiekwyyvmd5lhgdtj47wwjnxxbrvdvu34efpyfq,f022352
deplatformr-open-images-324.tar,Qmex8Zknbr8jPpNUvdkJcwE6S7KkME2WhcDRqMt59L7asg,022d66cd-0ed5-4f0b-84e2-41d0a1815694,JOB_STATUS_EXECUTING,2020-11-13 19:28:28
,,,,,StorageDealActive,,baga6ea4seaqftge2iljdvupdabttozagfo2rhjd65zrqwszvycxfn2eb3alzkma,f022352
,,,,,StorageDealStartDataTransfer,,baga6ea4seaqftge2iljdvupdabttozagfo2rhjd65zrqwszvycxfn2eb3alzkma,f022308
deplatformr-open-images-202.tar,QmbnZzAfVQJ5M7E9aqQstzkYTPKjWAWGHePq5GKpEL4qKs,3154b29c-cf6b-4ba1-ae70-15d28b069827,JOB_STATUS_EXECUTING,2020-11-19 22:18:35
,,,,,StorageDealActive,,baga6ea4seaqis7sucxceeo4wbg5fqrct4izbrhct5jvpcuvlwlho6h75uknwepy,f022352
,,,,,StorageDealStartDataTransfer,,baga6ea4seaqis7sucxceeo4wbg5fqrct4izbrhct5jvpcuvlwlho6h75uknwepy,f022308
deplatformr-open-images-390.tar,QmeYYFLqsACpe95VXG1dhAgZeebhphP2ekJtYSgaYZs4ha,322b6912-4e58-4986-ac66-4a45007b2e89,JOB_STATUS_EXECUTING,2020-11-18 02:49:13
,,,,,StorageDealActive,,baga6ea4seaqpaw6gycsbe6hxsl6drfbrxxbgltkl6zqjkca3oifjg6groqgxqai,f022352
,,,,,StorageDealStartDataTransfer,,baga6ea4seaqpaw6gycsbe6hxsl6drfbrxxbgltkl6zqjkca3oifjg6groqgxqai,f022308
deplatformr-open-images-210.tar,QmPq7N4Y4GYw5hNW8pJrTjymvCQ6uCpMxTAfStoq6nvDuX,02d02050-9752-4441-860b-f74a716526fa,JOB_STATUS_EXECUTING,2020-11-04 17:14:49
,,,,,StorageDealStartDataTransfer,,baga6ea4seaqf2igvggesmnx3vm26tmtkundjb7um3nwc32x7iivlvpfa7mmf6cy,f022352
,,,,,StorageDealStartDataTransfer,,baga6ea4seaqf2igvggesmnx3vm26tmtkundjb7um3nwc32x7iivlvpfa7mmf6cy,f02665
,,,,,StorageDealStartDataTransfer,,baga6ea4seaqf2igvggesmnx3vm26tmtkundjb7um3nwc32x7iivlvpfa7mmf6cy,f022308
deplatformr-open-images-309.tar,QmYpkwqxSkrdu4ZhQHcUiTsPDFcZXcFiWnSYQ3KLQgmkHP,1005ebe4-15d1-42ae-822e-75069c67110b,JOB_STATUS_EXECUTING,2020-11-13 19:28:24
,,,,,StorageDealActive,,baga6ea4seaqf33qrygfteqysvebu4lcdmcu7lz7vnc3mtdvtxnbeokazy3iy2ja,f022352
,,,,,StorageDealStartDataTransfer,,baga6ea4seaqf33qrygfteqysvebu4lcdmcu7lz7vnc3mtdvtxnbeokazy3iy2ja,f022308
,,,,,StorageDealCheckForAcceptance,,baga6ea4seaqf33qrygfteqysvebu4lcdmcu7lz7vnc3mtdvtxnbeokazy3iy2ja,f02665
deplatformr-open-images-388.tar,QmcLRMuPdnjoWE1t6KYAyhhtAj5bWoENqzQd2uCwWXYBsb,1256620d-6e93-4a25-b467-56dd18619665,JOB_STATUS_EXECUTING,2020-11-18 02:47:58
,,,,,StorageDealActive,,baga6ea4seaqk2qlawjhzqrnaabuqhb2wpprn4zbd6ikffhpfhkp3kzbzfy7ggpi,f022352
,,,,,StorageDealTransferring,,baga6ea4seaqk2qlawjhzqrnaabuqhb2wpprn4zbd6ikffhpfhkp3kzbzfy7ggpi,f022308
deplatformr-open-images-389.tar,QmSbKdsZm72ca1mNQJQj1AjDLrx5dFMxXYqHqMxTz4hhwA,3427fc25-9ca4-46be-98d6-53c4b93e3107,JOB_STATUS_EXECUTING,2020-11-18 02:48:29
,,,,,StorageDealStartDataTransfer,,baga6ea4seaqmok3vfnk3o4fu6bzmshu2bktolxd3ectcymq6t7pv7h5iu2pmmiq,f02665
,,,,,StorageDealStartDataTransfer,,baga6ea4seaqmok3vfnk3o4fu6bzmshu2bktolxd3ectcymq6t7pv7h5iu2pmmiq,f022308
deplatformr-open-images-348.tar,QmT9HXFaZ9FxuLWTm5QCdsYrhZjxqFq4M7oYJ8fd9s74mY,887d46be-fab4-4a05-8b9a-9fb1d0c6e6a9,JOB_STATUS_EXECUTING,2020-11-13 19:28:18
,,,,,StorageDealStartDataTransfer,,baga6ea4seaqm2wkpwbgrevbnim6cq4fec5orqgg3o57xs6jxjnuv7nejy537meq,f022308
,,,,,StorageDealStartDataTransfer,,baga6ea4seaqm2wkpwbgrevbnim6cq4fec5orqgg3o57xs6jxjnuv7nejy537meq,f02665
,,,,,StorageDealActive,,baga6ea4seaqm2wkpwbgrevbnim6cq4fec5orqgg3o57xs6jxjnuv7nejy537meq,f022352
deplatformr-open-images-175.tar,QmTyhHosuX9CZnuuBKFN7QnQC4d5wVmSuvCW11Eav6FaeC,c7e657ce-1887-4f44-8290-567f48ba70a2,JOB_STATUS_EXECUTING,2020-10-30 22:00:36
,,,,,StorageDealClientTransferRestart,,baga6ea4seaqoftglobtdcm3g7lwqww5mk3c7heos76ts5a6wg6evlgyczjfyyci,f08482
,,,,,StorageDealClientTransferRestart,,baga6ea4seaqoftglobtdcm3g7lwqww5mk3c7heos76ts5a6wg6evlgyczjfyyci,f053255
,,,,,StorageDealError,error in deal activation: failed to set up called handler: called check error (h: 210098): client: failed to look up deal on chain: deal 1130647 not found,baga6ea4seaqoftglobtdcm3g7lwqww5mk3c7heos76ts5a6wg6evlgyczjfyyci,f02665
,,,,,StorageDealError,error in deal activation: failed to set up called handler: called check error (h: 210098): client: failed to look up deal on chain: deal 1131544 not found,baga6ea4seaqoftglobtdcm3g7lwqww5mk3c7heos76ts5a6wg6evlgyczjfyyci,f019824
deplatformr-open-images-223.tar,QmaZKCsCeryJ63ANFyG2HzK8KR55zErtCRNhbJ4RZ7iN6o,113a57af-1c47-4861-abb1-60b875e3c9b1,JOB_STATUS_EXECUTING,2020-11-05 18:49:03
,,,,,StorageDealError,error in deal activation: failed to set up called handler: called check error (h: 224109): client: failed to look up deal on chain: deal 1225740 not found,baga6ea4seaqg7npp4zmcleykult5lgxvvxlybewnjdapyncap52euqvvp4o3mcy,f030384
,,,,,StorageDealClientTransferRestart,,baga6ea4seaqg7npp4zmcleykult5lgxvvxlybewnjdapyncap52euqvvp4o3mcy,f022308
,,,,,StorageDealError,deal failed: (State=26) error activating deal: failed to set up called handler: called check error (h: 209940): failed to look up deal on chain: deal 1225747 not found,baga6ea4seaqg7npp4zmcleykult5lgxvvxlybewnjdapyncap52euqvvp4o3mcy,f024015
deplatformr-open-images-321.tar,QmPrhJjLRECDHwQY7pHwHb26S5PirHxBuYKU57jZsZMhpH,1e294611-7dac-439d-aef9-a3bc91fe7614,JOB_STATUS_EXECUTING,2020-11-13 19:28:19
,,,,,StorageDealCheckForAcceptance,,baga6ea4seaqnjhoyqnrg3tfdr7cyrdhhwdhacwak4ssyhsekzmskskbbbc3dski,f02665
,,,,,StorageDealTransferring,,baga6ea4seaqnjhoyqnrg3tfdr7cyrdhhwdhacwak4ssyhsekzmskskbbbc3dski,f022308
,,,,,StorageDealActive,,baga6ea4seaqnjhoyqnrg3tfdr7cyrdhhwdhacwak4ssyhsekzmskskbbbc3dski,f022352
deplatformr-open-images-197.tar,QmT59QgMdvPmCaQntvAh8UP548UuZoJbCm9MEEP4arfDG3,2270ba5d-e7e7-420a-8608-d02fd404d753,JOB_STATUS_EXECUTING,2020-11-19 22:18:30
,,,,,StorageDealStartDataTransfer,,baga6ea4seaqngpld6xcbkq2mha6qulzyhbxduqa2huddgwwa3rdsfak26spzuai,f02665
,,,,,StorageDealActive,,baga6ea4seaqngpld6xcbkq2mha6qulzyhbxduqa2huddgwwa3rdsfak26spzuai,f022352
,,,,,StorageDealStartDataTransfer,,baga6ea4seaqngpld6xcbkq2mha6qulzyhbxduqa2huddgwwa3rdsfak26spzuai,f022308
deplatformr-open-images-409.tar,QmbL32PQLcAXbk2pLgmNMmwdtVbZ1zKhfDQkAwMZuZSW7v,307291aa-5b45-4ad4-90c5-df3b0295b257,JOB_STATUS_EXECUTING,2020-11-19 19:38:16
,,,,,StorageDealActive,,baga6ea4seaqinrwy2qvqrenuc7rykx3ujwyknpnk56pb27pg3nekxwvbq2stoda,f022352
,,,,,StorageDealStartDataTransfer,,baga6ea4seaqinrwy2qvqrenuc7rykx3ujwyknpnk56pb27pg3nekxwvbq2stoda,f022308
deplatformr-open-images-200.tar,QmdCYtmzygzRBvoRr3innKg7dpZpkhtxMHfm66xV8zMwkw,375360d3-cf4d-49b3-951c-47be0cf98b09,JOB_STATUS_EXECUTING,2020-11-03 21:28:10
,,,,,StorageDealStartDataTransfer,,baga6ea4seaqcm4frply4gxhwtppwrnbcepc6c4i64kdd2fzyygxey7sofywbqka,f02665
,,,,,StorageDealStartDataTransfer,,baga6ea4seaqcm4frply4gxhwtppwrnbcepc6c4i64kdd2fzyygxey7sofywbqka,f022308
,,,,,StorageDealStartDataTransfer,,baga6ea4seaqcm4frply4gxhwtppwrnbcepc6c4i64kdd2fzyygxey7sofywbqka,f022352
deplatformr-open-images-387.tar,QmUaBAL3729t1rniHm8ZFM1X9RzPKmbEJgVJ4xMbu7FuPk,bca704c0-0c22-4f50-9623-db9ee24769ff,JOB_STATUS_EXECUTING,2020-11-19 22:18:29
,,,,,StorageDealActive,,baga6ea4seaqgwie2znnn6l5wwwluk75a5qss4juorkgoru5mdzsjsgqgvuqluna,f022352
,,,,,StorageDealCheckForAcceptance,,baga6ea4seaqgwie2znnn6l5wwwluk75a5qss4juorkgoru5mdzsjsgqgvuqluna,f02665
,,,,,StorageDealTransferring,,baga6ea4seaqgwie2znnn6l5wwwluk75a5qss4juorkgoru5mdzsjsgqgvuqluna,f022308
deplatformr-open-images-334.tar,QmSqe4eN2i7yH4ZTHNFZ1d9qcd2vTS8qbdmoJbJfDXnezK,c3d7fd91-36d5-4bca-9ebe-580feea1923e,JOB_STATUS_EXECUTING,2020-11-13 19:27:42
,,,,,StorageDealError,failed to initiate data transfer: deal data transfer failed: channel removed due to inactivity,baga6ea4seaqpjgp3wwvo6v65wveed34wokwsrftdnngtfcbizzvsmhc3rqgxaei,f022853
,,,,,StorageDealActive,,baga6ea4seaqpjgp3wwvo6v65wveed34wokwsrftdnngtfcbizzvsmhc3rqgxaei,f02665
,,,,,StorageDealClientTransferRestart,,baga6ea4seaqpjgp3wwvo6v65wveed34wokwsrftdnngtfcbizzvsmhc3rqgxaei,f022308
deplatformr-open-images-326.tar,QmYyEkB9ed87ryi2JvACFnRFmEKJyybgz4YjwBUxGckGge,c9f65e94-abc7-43fe-9c6e-ead3d60680a6,JOB_STATUS_EXECUTING,2020-11-13 19:28:16
,,,,,StorageDealStartDataTransfer,,baga6ea4seaqltcbqh7ifcrwbm3qnygqsh4fwcnxa46ixbkdz6smzcfne55mrina,f022352
,,,,,StorageDealStartDataTransfer,,baga6ea4seaqltcbqh7ifcrwbm3qnygqsh4fwcnxa46ixbkdz6smzcfne55mrina,f022308
deplatformr-open-images-394.tar,QmRkAh4FQxAfArrJX5G35bLGHUHabJL8YNhofpAtYKmJmf,cdd61131-463a-48d6-b610-da7732d8e117,JOB_STATUS_EXECUTING,2020-11-18 02:51:17
,,,,,StorageDealStartDataTransfer,,baga6ea4seaqmluqu7mmgv5mf4dzlivuyyxxo7shr2ci7cbio2m4ir7heulp2qma,f022308
,,,,,StorageDealStartDataTransfer,,baga6ea4seaqmluqu7mmgv5mf4dzlivuyyxxo7shr2ci7cbio2m4ir7heulp2qma,f022352
,,,,,StorageDealError,"sending proposal to storage provider failed: exhausted 5 attempts but failed to open stream, err: protocol not supported",baga6ea4seaqmluqu7mmgv5mf4dzlivuyyxxo7shr2ci7cbio2m4ir7heulp2qma,f02665
deplatformr-open-images-304.tar,QmSfAcJwW1NN4dRv2fP93sott6LSpUaHFnKD752Hr9UYSs,eb8dbd1b-5251-4e81-9eae-4a9772a3206f,JOB_STATUS_EXECUTING,2020-11-13 19:28:22
,,,,,StorageDealStartDataTransfer,,baga6ea4seaqjqxedomuyrjzomwrergjtb3d5zal5vuyd2jdog2jlzaainwpwmhq,f022308
,,,,,StorageDealCheckForAcceptance,,baga6ea4seaqjqxedomuyrjzomwrergjtb3d5zal5vuyd2jdog2jlzaainwpwmhq,f02665
,,,,,StorageDealActive,,baga6ea4seaqjqxedomuyrjzomwrergjtb3d5zal5vuyd2jdog2jlzaainwpwmhq,f022352
deplatformr-open-images-357.tar,QmP7at2FJfEXM4VN4td8toKDpiC8Ts4ut7JmE3TwH3nkem,0e9c3104-a093-41eb-9fbd-ac5bf7bfdf66,JOB_STATUS_EXECUTING,2020-11-26 01:37:07
deplatformr-open-images-235.tar,QmWPZnQ3UGCk4qSAkQKdbsQF7hGob83YDNYYmxXi3Zt5Wb,20454611-1bee-46bf-9062-fd1ef7439c35,JOB_STATUS_EXECUTING,2020-11-19 22:18:42
,,,,,StorageDealStartDataTransfer,,baga6ea4seaqiti7fd72ii6uzskhydthh2wffag3pe3n7phdoavtqup2fskiguga,f02665
,,,,,StorageDealActive,,baga6ea4seaqiti7fd72ii6uzskhydthh2wffag3pe3n7phdoavtqup2fskiguga,f022352
,,,,,StorageDealStartDataTransfer,,baga6ea4seaqiti7fd72ii6uzskhydthh2wffag3pe3n7phdoavtqup2fskiguga,f022308
deplatformr-open-images-319.tar,QmZMEArnrBz3zct5fqNkmk95HWffzo2nxZvvW4TYLzYQXt,5efe9d93-0fd3-487f-b561-b09580ecbe09,JOB_STATUS_EXECUTING,2020-11-12 19:27:40
,,,,,StorageDealActive,,baga6ea4seaqobzrppvr6jakvkbdrf26lln7ghf4hjed67wtja6rhw2gsgqqqaoq,f022352
,,,,,StorageDealStartDataTransfer,,baga6ea4seaqobzrppvr6jakvkbdrf26lln7ghf4hjed67wtja6rhw2gsgqqqaoq,f022308
,,,,,StorageDealCheckForAcceptance,,baga6ea4seaqobzrppvr6jakvkbdrf26lln7ghf4hjed67wtja6rhw2gsgqqqaoq,f02665
deplatformr-open-images-130.tar,QmT9a73TeHksnzzETSy2QPdwGSfCYK32ngFTHQvQsZ1ENi,be81cc8a-5387-4099-a5ce-7b9e4464cc0a,JOB_STATUS_EXECUTING,2020-10-28 21:46:15
,,,,,StorageDealStartDataTransfer,,baga6ea4seaqlfnydwptzh5g5vwnwypqzcl6nuzkx27xz2x2uv5y553nhprlzqiq,f022352
,,,,,StorageDealStartDataTransfer,,baga6ea4seaqlfnydwptzh5g5vwnwypqzcl6nuzkx27xz2x2uv5y553nhprlzqiq,f022308
deplatformr-open-images-323.tar,QmPCwCnXTeryoG9fBsxpeiA8JC2A3a3JKqCZNqT6Bqsndo,d91f5e2d-844e-47b7-8d95-82f4b5b11012,JOB_STATUS_EXECUTING,2020-11-13 19:28:05
,,,,,StorageDealError,error in deal activation: failed to set up called handler: called check error (h: 248419): failed to look up deal on chain: failed to load message: blockstore: block not found,baga6ea4seaql4nkglbiiakz47xgc7tc2r2f6jhyhxp7fdhpel4y3f5nltberiei,f02665
,,,,,StorageDealError,failed to initiate data transfer: deal data transfer failed: channel removed due to inactivity,baga6ea4seaql4nkglbiiakz47xgc7tc2r2f6jhyhxp7fdhpel4y3f5nltberiei,f024015
,,,,,StorageDealError,error in deal activation: failed to set up called handler: called check error (h: 248419): failed to look up deal on chain: failed to load message: blockstore: block not found,baga6ea4seaql4nkglbiiakz47xgc7tc2r2f6jhyhxp7fdhpel4y3f5nltberiei,f02665
,,,,,StorageDealError,failed to initiate data transfer: deal data transfer failed: channel removed due to inactivity,baga6ea4seaql4nkglbiiakz47xgc7tc2r2f6jhyhxp7fdhpel4y3f5nltberiei,f022853
,,,,,StorageDealClientTransferRestart,,baga6ea4seaql4nkglbiiakz47xgc7tc2r2f6jhyhxp7fdhpel4y3f5nltberiei,f022352
deplatformr-open-images-419.tar,QmP78G4tLgHujzorWFVFauMVkBMEqND7PZJtp4e4wGzjdR,fc3a4112-f492-43af-8b58-f1b3a78b3528,JOB_STATUS_EXECUTING,2020-11-20 04:03:56
,,,,,StorageDealSealing,,baga6ea4seaqoennjx6t7bjmk2zyyvv7yfdybig3i3n53t3nskidxrr4ybfmioaq,f02665
,,,,,StorageDealActive,,baga6ea4seaqoennjx6t7bjmk2zyyvv7yfdybig3i3n53t3nskidxrr4ybfmioaq,f022352
deplatformr-open-images-308.tar,QmVcYV3TS3EbiQJg9FDGDXTPNbh6Ek7syWytMsktzVxZH3,056f762d-b3d8-4a50-b5a5-12120dcce838,JOB_STATUS_EXECUTING,2020-11-13 19:28:19
,,,,,StorageDealClientTransferRestart,,baga6ea4seaqov72pb65cipczlugq44ro7pdcl2lrw2hsheddo2g26bf7iwrx6di,f02665
,,,,,StorageDealError,error in deal activation: handling applied event: failed to load message: blockstore: block not found,baga6ea4seaqov72pb65cipczlugq44ro7pdcl2lrw2hsheddo2g26bf7iwrx6di,f02665
,,,,,StorageDealError,failed to initiate data transfer: deal data transfer failed: channel removed due to inactivity,baga6ea4seaqov72pb65cipczlugq44ro7pdcl2lrw2hsheddo2g26bf7iwrx6di,f022308
,,,,,StorageDealError,failed to initiate data transfer: deal data transfer failed: channel removed due to inactivity,baga6ea4seaqov72pb65cipczlugq44ro7pdcl2lrw2hsheddo2g26bf7iwrx6di,f022853
,,,,,StorageDealError,failed to initiate data transfer: deal data transfer failed: channel removed due to inactivity,baga6ea4seaqov72pb65cipczlugq44ro7pdcl2lrw2hsheddo2g26bf7iwrx6di,f024015
,,,,,StorageDealError,error in deal activation: failed to set up called handler: called check error (h: 248419): failed to look up deal on chain: failed to load message: blockstore: block not found,baga6ea4seaqov72pb65cipczlugq44ro7pdcl2lrw2hsheddo2g26bf7iwrx6di,f02665
deplatformr-open-images-347.tar,QmQ3M1FMr2z5P4eXSz3eq5spsqaydM4SBkygxh3umiyTRv,0f0a9433-6f5e-4f37-aab0-5852631506e8,JOB_STATUS_EXECUTING,2020-11-13 19:28:22
,,,,,StorageDealStartDataTransfer,,baga6ea4seaqnvekn5s44tr7nidju76jfwexms7ssk35m55x7faxwwavwoev5udy,f02665
,,,,,StorageDealStartDataTransfer,,baga6ea4seaqnvekn5s44tr7nidju76jfwexms7ssk35m55x7faxwwavwoev5udy,f022308
,,,,,StorageDealActive,,baga6ea4seaqnvekn5s44tr7nidju76jfwexms7ssk35m55x7faxwwavwoev5udy,f022352
deplatformr-open-images-288.tar,QmbFQvJB6XMJxsKsDPYEPU8mVb7m6HTj2Au3gExdMQcmVa,3b58d63e-bc4a-42c2-ab63-4adb05cea8c7,JOB_STATUS_EXECUTING,2020-11-10 18:58:43
,,,,,StorageDealStartDataTransfer,,baga6ea4seaqffnvl62ygybluknjpn2rjbrhxhuf4x4howftszv3tqh4s5j5k6aa,f022352
,,,,,StorageDealStartDataTransfer,,baga6ea4seaqffnvl62ygybluknjpn2rjbrhxhuf4x4howftszv3tqh4s5j5k6aa,f022308
,,,,,StorageDealStartDataTransfer,,baga6ea4seaqffnvl62ygybluknjpn2rjbrhxhuf4x4howftszv3tqh4s5j5k6aa,f02665
deplatformr-open-images-356.tar,QmSAHLDiwy9guXha9JeCrBy9vTH6PLNk9HErFqx8Vmeq4U,10172617-551c-4a0c-b470-fe098afa5a7d,JOB_STATUS_EXECUTING,2020-11-26 01:36:34
deplatformr-open-images-312.tar,QmWjQEZ5cgUDqv31eNUWsFJ2wo4L83ZLWPYRjJr6xuzAyt,cc1aaf1b-925f-43ce-9c47-708e409738f7,JOB_STATUS_EXECUTING,2020-11-26 01:36:54
deplatformr-open-images-222.tar,QmefSRSaEXfSCiNMAp4Hj82766yQrs6PHvoLtd1o5RCvLT,412e7f43-c6c3-4232-847f-ba4e35b6e9a7,JOB_STATUS_EXECUTING,2020-11-19 22:18:43
,,,,,StorageDealStartDataTransfer,,baga6ea4seaqc6lbfckgl2omyrust5ftwuyhdzv3iqadf76a4fshefnl7ur3j6fa,f022308
,,,,,StorageDealActive,,baga6ea4seaqc6lbfckgl2omyrust5ftwuyhdzv3iqadf76a4fshefnl7ur3j6fa,f022352
,,,,,StorageDealStartDataTransfer,,baga6ea4seaqc6lbfckgl2omyrust5ftwuyhdzv3iqadf76a4fshefnl7ur3j6fa,f02665
deplatformr-open-images-413.tar,QmaCbGUizWTT2tV7rVcqMQwUqtmjpciKHV3JrbTkQJVou7,7ad13dd5-f681-4e61-bc17-3c440b788c7b,JOB_STATUS_EXECUTING,2020-11-20 04:02:47
,,,,,StorageDealActive,,baga6ea4seaqpy36nnqgrygwicqeqef4s3lf6fq54idt6e7clscnusawzkjcpgfy,f022352
,,,,,StorageDealStartDataTransfer,,baga6ea4seaqpy36nnqgrygwicqeqef4s3lf6fq54idt6e7clscnusawzkjcpgfy,f022308
deplatformr-open-images-219.tar,QmSkD5roiSnzPKkkvF26oyo5aV3nA17GQgGdSxYL9vudmg,218832dc-e4b8-4ae7-a91d-27b531cf0b4d,JOB_STATUS_EXECUTING,2020-11-04 20:40:34
,,,,,StorageDealError,"sending proposal to storage provider failed: exhausted 5 attempts but failed to open stream, err: failed to dial 12D3KooWAZeR4VBZXcsGSQahuH7GrwytTWJgoUyBPBJzU3cRpimY: all dials failed
  * [/ip6/::1/tcp/15432] dial tcp6 [::1]:15432: connect: cannot assign requested address
  * [/ip6/2604:1380:4111:6b00::2d/tcp/15432] dial tcp6 [2604:1380:4111:6b00::2d]:15432: connect: cannot assign requested address
  * [/ip4/127.0.0.1/tcp/15432] dial tcp4 127.0.0.1:15432: connect: connection refused
  * [/ip4/139.178.82.157/tcp/15432] dial tcp4 139.178.82.157:15432: connect: connection refused",baga6ea4seaqdxg3cswyb4xtsyr5tlcsprk72fckb7ms3wc5ha2v6aegwjppc4oi,f02665
,,,,,StorageDealStartDataTransfer,,baga6ea4seaqdxg3cswyb4xtsyr5tlcsprk72fckb7ms3wc5ha2v6aegwjppc4oi,f022308
,,,,,StorageDealStartDataTransfer,,baga6ea4seaqdxg3cswyb4xtsyr5tlcsprk72fckb7ms3wc5ha2v6aegwjppc4oi,f022352
deplatformr-open-images-318.tar,QmUyz3MZXP46k7cpJoQXS9SPsZxWwt8YbE43sd8r4y8orq,cb0637db-5f8b-483a-830d-2743bb3f0b19,JOB_STATUS_EXECUTING,2020-11-12 19:27:39
,,,,,StorageDealClientTransferRestart,,baga6ea4seaqd6pokeyjuofxmqg5nwo2fbvecczxbcecdmcqjzsgco77azklwmky,f02665
,,,,,StorageDealError,failed to initiate data transfer: deal data transfer failed: channel removed due to inactivity,baga6ea4seaqd6pokeyjuofxmqg5nwo2fbvecczxbcecdmcqjzsgco77azklwmky,f022308
,,,,,StorageDealActive,,baga6ea4seaqd6pokeyjuofxmqg5nwo2fbvecczxbcecdmcqjzsgco77azklwmky,f022352
,,,,,StorageDealError,failed to initiate data transfer: deal data transfer failed: channel removed due to inactivity,baga6ea4seaqd6pokeyjuofxmqg5nwo2fbvecczxbcecdmcqjzsgco77azklwmky,f022853
,,,,,StorageDealClientTransferRestart,,baga6ea4seaqd6pokeyjuofxmqg5nwo2fbvecczxbcecdmcqjzsgco77azklwmky,f02665
,,,,,StorageDealError,failed to initiate data transfer: deal data transfer failed: channel removed due to inactivity,baga6ea4seaqd6pokeyjuofxmqg5nwo2fbvecczxbcecdmcqjzsgco77azklwmky,f024015
deplatformr-open-images-211.tar,QmaZcpnYR8t4fyPdFJrGfENKn2HkieoVHcV25UYK41wbfm,d6eedb2b-eecf-4366-b94c-cb46f7fe529d,JOB_STATUS_EXECUTING,2020-11-04 17:14:59
,,,,,StorageDealStartDataTransfer,,baga6ea4seaqdvs7wrmifgojmjbhd4katugczgjnio3t7salay7x3tmrqakb3qca,f022352
,,,,,StorageDealStartDataTransfer,,baga6ea4seaqdvs7wrmifgojmjbhd4katugczgjnio3t7salay7x3tmrqakb3qca,f022308
deplatformr-open-images-350.tar,QmdFfMXGohupbw2s2HRa95LqqQaQArwnZJUuUSLV8rpWEd,eba66046-c4f0-45c1-adcd-a75d1c99a407,JOB_STATUS_EXECUTING,2020-11-13 19:28:16
,,,,,StorageDealActive,,baga6ea4seaqdtjwhx24vik4uuftxmshjkz2jctcpvfsblbbz7k6m4m5tjkowwai,f022352
,,,,,StorageDealStartDataTransfer,,baga6ea4seaqdtjwhx24vik4uuftxmshjkz2jctcpvfsblbbz7k6m4m5tjkowwai,f02665
,,,,,StorageDealStartDataTransfer,,baga6ea4seaqdtjwhx24vik4uuftxmshjkz2jctcpvfsblbbz7k6m4m5tjkowwai,f022308
deplatformr-open-images-374.tar,Qma8jCpxWNRB15AmWncVm9Vmd5Q2BKF4ENU5ibaxkeRmbj,20904b1b-8e6c-450b-90aa-ecb456c8715b,JOB_STATUS_EXECUTING,2020-11-15 19:43:18
,,,,,StorageDealActive,,baga6ea4seaqdofvoy2akxgfb4hrcu7fi2g7k62i7wp5vq6klqgdcvi57otylghy,f022352
,,,,,StorageDealStartDataTransfer,,baga6ea4seaqdofvoy2akxgfb4hrcu7fi2g7k62i7wp5vq6klqgdcvi57otylghy,f022308
,,,,,StorageDealStartDataTransfer,,baga6ea4seaqdofvoy2akxgfb4hrcu7fi2g7k62i7wp5vq6klqgdcvi57otylghy,f02665
deplatformr-open-images-310.tar,QmbUSAo9s1yiWFrKB6B6JhYA3gTfGNwCQuLELwygBo445Q,cb6357f8-0cca-43ed-a7e5-8841c9a8247e,JOB_STATUS_EXECUTING,2020-11-13 19:28:28
,,,,,StorageDealStartDataTransfer,,baga6ea4seaqkk5zwl7cp6hcrn2n5jm3pp3vvpfdviawc57galkt2nt75blfcwki,f022308
,,,,,StorageDealActive,,baga6ea4seaqkk5zwl7cp6hcrn2n5jm3pp3vvpfdviawc57galkt2nt75blfcwki,f022352
,,,,,StorageDealCheckForAcceptance,,baga6ea4seaqkk5zwl7cp6hcrn2n5jm3pp3vvpfdviawc57galkt2nt75blfcwki,f02665
deplatformr-open-images-285.tar,QmZGexCAGJcZivWXGCFnZ2TicG7eZkvUa68Wig77NUzdoA,1d27105e-307b-4752-b98e-1a897334a1d0,JOB_STATUS_EXECUTING,2020-11-19 22:18:39
,,,,,StorageDealTransferring,,baga6ea4seaqbcqp7uinbmwils6cxcr2jsmyxdajpovstdwlkhw72wm2etse72by,f022308
,,,,,StorageDealActive,,baga6ea4seaqbcqp7uinbmwils6cxcr2jsmyxdajpovstdwlkhw72wm2etse72by,f022352
deplatformr-open-images-340.tar,QmTXAYt4FDcjsR9cePJJfCNLKhUk2XRjy8aCihvoyzwq9Q,350b4614-89a0-4b0f-baf4-72def77da4ba,JOB_STATUS_EXECUTING,2020-11-19 22:18:46
,,,,,StorageDealActive,,baga6ea4seaqbgqptf5wm55q6ulmf75xtknwavlc7sa4qym62towhtbucodp6umq,f022352
,,,,,StorageDealStartDataTransfer,,baga6ea4seaqbgqptf5wm55q6ulmf75xtknwavlc7sa4qym62towhtbucodp6umq,f022308
,,,,,StorageDealStartDataTransfer,,baga6ea4seaqbgqptf5wm55q6ulmf75xtknwavlc7sa4qym62towhtbucodp6umq,f02665
deplatformr-open-images-345.tar,QmXh57qGQW3B6Kd9aT7Lq36heh4ssbpz47uSRRvkFqQ4oR,5358a368-b6c2-472a-854b-9a5f9568e693,JOB_STATUS_EXECUTING,2020-11-13 19:28:26
,,,,,StorageDealStartDataTransfer,,baga6ea4seaqe6746vjdkncftdmhitwzf26fhko23y6nzfpd7xigwfruwmwl3ida,f02665
,,,,,StorageDealStartDataTransfer,,baga6ea4seaqe6746vjdkncftdmhitwzf26fhko23y6nzfpd7xigwfruwmwl3ida,f022308
deplatformr-open-images-330.tar,QmTFNF1n4EgkiTEKnw72CKpUhmxNYsuXSc4RA4DzVCWw14,58971c3d-b6e1-4c26-8224-c48dc5af8a2c,JOB_STATUS_EXECUTING,2020-11-19 22:18:40
,,,,,StorageDealStartDataTransfer,,baga6ea4seaqln7fnyiqsoet5hkiih47xalu54ipatrjbfi3tha3q5tzvsdeayhi,f022352
,,,,,StorageDealStartDataTransfer,,baga6ea4seaqln7fnyiqsoet5hkiih47xalu54ipatrjbfi3tha3q5tzvsdeayhi,f02665
,,,,,StorageDealStartDataTransfer,,baga6ea4seaqln7fnyiqsoet5hkiih47xalu54ipatrjbfi3tha3q5tzvsdeayhi,f022308
deplatformr-open-images-392.tar,QmWgfh7wNb1cZR9EGXLEjfucdyq6VSfgPP7jjRhWKjWKAq,8e2ee991-5272-473d-b3b2-148953c0a2da,JOB_STATUS_EXECUTING,2020-11-19 22:18:28
,,,,,StorageDealActive,,baga6ea4seaqfto72gt2s5jbmuwa7mfvla4wcb4d4lp7ihyctmcueapjew4ieaki,f022352
,,,,,StorageDealSealing,,baga6ea4seaqfto72gt2s5jbmuwa7mfvla4wcb4d4lp7ihyctmcueapjew4ieaki,f02665
deplatformr-open-images-386.tar,QmSqoqR2s7crAv3AGDFPpanubWDDHQHvppSZtHgoxL7pB6,9f1dd139-8637-467b-a8fc-e2ab6de640e0,JOB_STATUS_EXECUTING,2020-11-19 22:18:28
,,,,,StorageDealStartDataTransfer,,baga6ea4seaqiexkjxhdyiz2x2ems7sjismv4fghhfqwmd7z4xeyp7gjwxmrqaia,f022308
,,,,,StorageDealActive,,baga6ea4seaqiexkjxhdyiz2x2ems7sjismv4fghhfqwmd7z4xeyp7gjwxmrqaia,f022352
deplatformr-open-images-150.tar,QmWwmsSj3BeE2Pb6G8c3eZQ786yqHprhpWYdx1pEqfCjEN,b42a6b23-bc68-47ff-a32a-eca626ec8289,JOB_STATUS_EXECUTING,2020-11-19 22:18:28
,,,,,StorageDealActive,,baga6ea4seaqnupgnux6dbynqnzvrryugxoqp6prkfifrrff4mruyn76plcstyfi,f022352
,,,,,StorageDealSealing,,baga6ea4seaqnupgnux6dbynqnzvrryugxoqp6prkfifrrff4mruyn76plcstyfi,f02665
deplatformr-open-images-262.tar,QmTLAuY9v32dkqo9bV5eN5n7LsFzb8mxNfrKJy2cZCA1so,dd578dd8-5a26-400f-b6ef-32551c170ef0,JOB_STATUS_EXECUTING,2020-11-21 22:19:10
,,,,,StorageDealError,error reading Response message: EOF,baga6ea4seaqo74vckkjmibpntzwpc4nrry2iyfkhxbzhoo3ux4whvinmsgwg4aq,f02665
,,,,,StorageDealActive,,baga6ea4seaqo74vckkjmibpntzwpc4nrry2iyfkhxbzhoo3ux4whvinmsgwg4aq,f08403
,,,,,StorageDealClientTransferRestart,,baga6ea4seaqo74vckkjmibpntzwpc4nrry2iyfkhxbzhoo3ux4whvinmsgwg4aq,f024015
,,,,,StorageDealActive,,baga6ea4seaqo74vckkjmibpntzwpc4nrry2iyfkhxbzhoo3ux4whvinmsgwg4aq,f022352
,,,,,StorageDealError,error reading Response message: EOF,baga6ea4seaqo74vckkjmibpntzwpc4nrry2iyfkhxbzhoo3ux4whvinmsgwg4aq,f02665
deplatformr-open-images-381.tar,QmZx98GaLVfbLVyR8WSauywfWK9Qf4XWopCsgrpctc4bv9,fbc908c7-5da7-42c1-8e85-b7f437924cd3,JOB_STATUS_EXECUTING,2020-11-17 04:44:17
,,,,,StorageDealStartDataTransfer,,baga6ea4seaqnif5vj2sgadhslsubxnmznsty4koxzbswzw3srm5jugyvo2xsqea,f022308
deplatformr-open-images-404.tar,QmcDGxLRkdZv9awTkspbcRFTjYkPaJEXBoY3wPFvtxZwDR,e104dc85-303e-4912-aedb-8b6f2d4ea81c,JOB_STATUS_EXECUTING,2020-11-26 01:36:59
deplatformr-open-images-395.tar,QmbN7sN7PzbUDT9hTaMfJwwWkppmDfUeTPnYp4vdcSEVWJ,5510b78f-5c57-4455-accf-df3f122e5dc6,JOB_STATUS_EXECUTING,2020-11-18 02:51:36
,,,,,StorageDealActive,,baga6ea4seaqhq25w3qrj44wwdxfcwq4pm7uvkgejsxikg6m77rs2j3sg77f7ena,f022352
,,,,,StorageDealStartDataTransfer,,baga6ea4seaqhq25w3qrj44wwdxfcwq4pm7uvkgejsxikg6m77rs2j3sg77f7ena,f022308
,,,,,StorageDealStartDataTransfer,,baga6ea4seaqhq25w3qrj44wwdxfcwq4pm7uvkgejsxikg6m77rs2j3sg77f7ena,f02665
deplatformr-open-images-271.tar,QmaWGU4mUrroNSyVqHQbFnWSmB8rjfzoQc6DoDhU3ecbzM,63c652dd-3a86-493d-b0a8-f693b7157d3d,JOB_STATUS_EXECUTING,2020-11-10 04:35:04
,,,,,StorageDealClientTransferRestart,,baga6ea4seaqmax6edq7wm4kz3xf7gyffakbuld3qn24j54vagkzf2zi3uzoxwla,f02665
,,,,,StorageDealError,failed to initiate data transfer: deal data transfer failed: channel removed due to inactivity,baga6ea4seaqmax6edq7wm4kz3xf7gyffakbuld3qn24j54vagkzf2zi3uzoxwla,f022853
deplatformr-open-images-332.tar,QmTszVJfPoqv6TSb8od5FZ5QmWk1FaBuW9aZt2AhD49vgG,73330b32-3c78-42cf-a4e3-a5219c2e0b59,JOB_STATUS_EXECUTING,2020-11-13 19:28:19
,,,,,StorageDealActive,,baga6ea4seaqibzfo7vnw3rhzm2jji43pcefhiwnaswih42mzs6oxsamzejgd6ha,f022352
,,,,,StorageDealStartDataTransfer,,baga6ea4seaqibzfo7vnw3rhzm2jji43pcefhiwnaswih42mzs6oxsamzejgd6ha,f022308
deplatformr-open-images-418.tar,QmQBdyu5ChZWfbcqFqWJzHjv1zfKy5j7Ats2zifCBkJHZ7,7482d8a5-2a19-485b-acd3-e2b4412fe2c0,JOB_STATUS_EXECUTING,2020-11-20 04:03:44
,,,,,StorageDealActive,,baga6ea4seaqky75ju5iniynyizyooxwllu2zzlhxw6wojxoyormtddsj4nm6kky,f022352
,,,,,StorageDealStartDataTransfer,,baga6ea4seaqky75ju5iniynyizyooxwllu2zzlhxw6wojxoyormtddsj4nm6kky,f02665
deplatformr-open-images-204.tar,QmewoqVxRt15szzgM9Qxn7Ki1bMotXNxRktA4JERo2gbEe,868f8bf7-f352-419e-a7a3-aef247f9a8c2,JOB_STATUS_EXECUTING,2020-11-04 17:13:34
,,,,,StorageDealStartDataTransfer,,baga6ea4seaqcnonly63br5zjj5iwyukuwzzqj45hihmzrfklv6bqq3fjylgp4ki,f022352
,,,,,StorageDealStartDataTransfer,,baga6ea4seaqcnonly63br5zjj5iwyukuwzzqj45hihmzrfklv6bqq3fjylgp4ki,f022308
deplatformr-open-images-258.tar,QmXCS4ixSrA3ZkaUNpKShTrf45gDi4Wmh18ju4jpLooYkb,38d0c90a-a66d-4c93-b64c-2b119671e072,JOB_STATUS_EXECUTING,2020-11-21 22:19:24
,,,,,StorageDealError,deal failed: (State=11) error transferring data: deal data transfer failed: channel removed due to inactivity,baga6ea4seaqoh3eekz3i4etpnmn2udxu76nwvpnptjik4633ved5onxy7aq4yla,f02665
,,,,,StorageDealActive,,baga6ea4seaqoh3eekz3i4etpnmn2udxu76nwvpnptjik4633ved5onxy7aq4yla,f08403
,,,,,StorageDealClientTransferRestart,,baga6ea4seaqoh3eekz3i4etpnmn2udxu76nwvpnptjik4633ved5onxy7aq4yla,f02665
,,,,,StorageDealActive,,baga6ea4seaqoh3eekz3i4etpnmn2udxu76nwvpnptjik4633ved5onxy7aq4yla,f01276
,,,,,StorageDealActive,,baga6ea4seaqoh3eekz3i4etpnmn2udxu76nwvpnptjik4633ved5onxy7aq4yla,f022308
,,,,,StorageDealError,deal failed: (State=26) error transferring data: deal data transfer failed: channel removed due to inactivity,baga6ea4seaqoh3eekz3i4etpnmn2udxu76nwvpnptjik4633ved5onxy7aq4yla,f02665
,,,,,StorageDealActive,,baga6ea4seaqoh3eekz3i4etpnmn2udxu76nwvpnptjik4633ved5onxy7aq4yla,f022352
deplatformr-open-images-421.tar,QmVK6FGTVj5xxeNeXy5SdHFZXKCrs8g1GdFma3kRexX1Js,46fc5c8a-d333-4a06-afd6-986d4329e00f,JOB_STATUS_EXECUTING,2020-11-20 18:48:02
,,,,,StorageDealStartDataTransfer,,baga6ea4seaqi6vlkd22fwvujrnddmonzrkn636kgy42yvjw253fksim6pb77mhy,f022308
,,,,,StorageDealActive,,baga6ea4seaqi6vlkd22fwvujrnddmonzrkn636kgy42yvjw253fksim6pb77mhy,f022352
,,,,,StorageDealStartDataTransfer,,baga6ea4seaqi6vlkd22fwvujrnddmonzrkn636kgy42yvjw253fksim6pb77mhy,f02665
deplatformr-open-images-351.tar,QmcstX4JDnBxEMEuqjZT3juoVy628ehG3VyPtoGG1N4f1N,6ecba937-ea8c-4138-9f4a-52b2114e4f85,JOB_STATUS_EXECUTING,2020-11-13 20:03:29
,,,,,StorageDealTransferring,,baga6ea4seaqbxmzmejzqv7uhth2veboccn6deobvw6ryenps45xaksubho6kaoq,f02665
,,,,,StorageDealActive,,baga6ea4seaqbxmzmejzqv7uhth2veboccn6deobvw6ryenps45xaksubho6kaoq,f022352
,,,,,StorageDealTransferring,,baga6ea4seaqbxmzmejzqv7uhth2veboccn6deobvw6ryenps45xaksubho6kaoq,f022308
deplatformr-open-images-290.tar,QmNmQHC7QMarwNgdSFY5Sxua3i6nWf8KfANDNpJoBBgJgH,92a0d253-d8c7-4162-a1dd-60634a278e3a,JOB_STATUS_EXECUTING,2020-11-10 18:59:16
,,,,,StorageDealClientTransferRestart,,baga6ea4seaqp3ecsighuf6tial5mfk5dvb3alydazjq7phzzs4nf45tuyvobcba,f02665
,,,,,StorageDealClientTransferRestart,,baga6ea4seaqp3ecsighuf6tial5mfk5dvb3alydazjq7phzzs4nf45tuyvobcba,f02665
deplatformr-open-images-372.tar,QmZjdus6XrRoXRP8t7M7zD1CNdbeZbBR14ptYiLYJaSNAQ,95f43bdb-dc16-4e6a-b371-8dd14f4e1106,JOB_STATUS_EXECUTING,2020-11-15 19:42:42
,,,,,StorageDealActive,,baga6ea4seaqkr6fntfytq5qjqeptjv6lvokvontrqcjnirqu57hozfvj6hlbwbq,f022352
,,,,,StorageDealStartDataTransfer,,baga6ea4seaqkr6fntfytq5qjqeptjv6lvokvontrqcjnirqu57hozfvj6hlbwbq,f02665
deplatformr-open-images-339.tar,QmPDkFHcxs5uGNnUDCpsM1gfnZJuakEtkKW93KcsBattz7,a00ef3ea-c632-440c-bba8-e03db62a55d9,JOB_STATUS_EXECUTING,2020-11-13 01:13:14
,,,,,StorageDealClientTransferRestart,,baga6ea4seaqkbsyuxew7ib6uwdeu2dr6365pzbjvqxuefydajb6xnfgvp3joadq,f022352
deplatformr-open-images-234.tar,QmWHbNX8mt7mqAWTmS1jWQtMAxo9SHcQyuW7jzdtH4tHwU,ce55a04f-526c-443b-ace2-f1e62493f233,JOB_STATUS_EXECUTING,2020-11-05 21:07:32
,,,,,StorageDealError,error in deal activation: failed to set up called handler: called check error (h: 224109): client: failed to look up deal on chain: deal 1226359 not found,baga6ea4seaqcqlushyzz6vs5m3ci5ajec2qqvjxh2y5ybtpwicals5kqetr5cky,f019824
,,,,,StorageDealClientTransferRestart,,baga6ea4seaqcqlushyzz6vs5m3ci5ajec2qqvjxh2y5ybtpwicals5kqetr5cky,f022352
,,,,,StorageDealError,failed to initiate data transfer: deal data transfer failed: channel removed due to inactivity,baga6ea4seaqcqlushyzz6vs5m3ci5ajec2qqvjxh2y5ybtpwicals5kqetr5cky,f024015
,,,,,StorageDealActive,,baga6ea4seaqcqlushyzz6vs5m3ci5ajec2qqvjxh2y5ybtpwicals5kqetr5cky,f042635
,,,,,StorageDealError,error reading Response message: stream reset,baga6ea4seaqcqlushyzz6vs5m3ci5ajec2qqvjxh2y5ybtpwicals5kqetr5cky,f052767
,,,,,StorageDealError,error in deal activation: failed to set up called handler: called check error (h: 224109): client: failed to look up deal on chain: deal 1226330 not found,baga6ea4seaqcqlushyzz6vs5m3ci5ajec2qqvjxh2y5ybtpwicals5kqetr5cky,f029368
,,,,,StorageDealError,error in deal activation: failed to set up called handler: called check error (h: 224109): client: failed to look up deal on chain: deal 1226342 not found,baga6ea4seaqcqlushyzz6vs5m3ci5ajec2qqvjxh2y5ybtpwicals5kqetr5cky,f030384
deplatformr-open-images-303.tar,QmVCDptSzdJW5u6WwMtAJDosAfZN3t4HfVETCzyuHPXR1e,3c5ce6b9-2ee0-4706-8df0-2363cd501077,JOB_STATUS_EXECUTING,2020-11-13 19:28:21
,,,,,StorageDealActive,,baga6ea4seaqay3jimlmkdh3dwguyq5a6cels32b24redw3xo7zd6j4uswtjdoaa,f022352
,,,,,StorageDealStartDataTransfer,,baga6ea4seaqay3jimlmkdh3dwguyq5a6cels32b24redw3xo7zd6j4uswtjdoaa,f022308
deplatformr-open-images-415.tar,QmT3i8PSeabf1LvVgqXY9RK4PPgRGcGCeHVC1QNvNrBpdR,6e1805e3-9036-4d8e-8132-bffa3c35ac23,JOB_STATUS_EXECUTING,2020-11-20 04:03:12
,,,,,StorageDealStartDataTransfer,,baga6ea4seaqmzl2gjoe2sr7xly2q6kxnq4jbq5atgsuznaomaof3obor6rhqkjq,f02665
,,,,,StorageDealStartDataTransfer,,baga6ea4seaqmzl2gjoe2sr7xly2q6kxnq4jbq5atgsuznaomaof3obor6rhqkjq,f022308
,,,,,StorageDealActive,,baga6ea4seaqmzl2gjoe2sr7xly2q6kxnq4jbq5atgsuznaomaof3obor6rhqkjq,f022352
deplatformr-open-images-342.tar,QmTZhaoXxMFtKWHb2x5pSgcJFx4d5vywVTWydCqvohVg3Z,c14371ff-f073-4840-a179-618b63d4d309,JOB_STATUS_EXECUTING,2020-11-19 22:18:44
,,,,,StorageDealStartDataTransfer,,baga6ea4seaqbek3mzqa6mn5wojzngnjzzicbkmyfduieezjjjy655npnrd2huby,f022352
,,,,,StorageDealError,error reading Response message: stream reset,baga6ea4seaqbek3mzqa6mn5wojzngnjzzicbkmyfduieezjjjy655npnrd2huby,f02665
,,,,,StorageDealStartDataTransfer,,baga6ea4seaqbek3mzqa6mn5wojzngnjzzicbkmyfduieezjjjy655npnrd2huby,f022308
deplatformr-open-images-226.tar,QmasHoX2dSGJSd6wZJjMHprrL16QZwaQ5ihpBe7HSUvGG1,f8220db2-9292-49aa-b459-e2cc3a4f3d7e,JOB_STATUS_EXECUTING,2020-11-19 22:18:35
,,,,,StorageDealActive,,baga6ea4seaqmcqf35ragxxjue577giyhlh6ztwrzykoive3wax3yamurjldlufq,f022352
,,,,,StorageDealSealing,,baga6ea4seaqmcqf35ragxxjue577giyhlh6ztwrzykoive3wax3yamurjldlufq,f02665
deplatformr-open-images-287.tar,QmW9Huwnt2C9fz2DEMtL1U3NUg7MGCSBqape6jua6jp6bS,13f50057-6299-401e-a454-2dd5a00f1ae9,JOB_STATUS_EXECUTING,2020-11-19 22:18:43
,,,,,StorageDealError,error reading Response message: stream reset,baga6ea4seaqfieeow5xxwyu43z5nxxm44wadq4lbsufeklizj2oq7wlbgzkxchy,f02665
,,,,,StorageDealStartDataTransfer,,baga6ea4seaqfieeow5xxwyu43z5nxxm44wadq4lbsufeklizj2oq7wlbgzkxchy,f022308
,,,,,StorageDealStartDataTransfer,,baga6ea4seaqfieeow5xxwyu43z5nxxm44wadq4lbsufeklizj2oq7wlbgzkxchy,f022352
deplatformr-open-images-391.tar,QmcBnwQ1WmQ3YTmVoXAFH8y7zxGDtyHC64HY3GXztXp4q9,5113ec28-41ba-4b96-9a40-866ace597293,JOB_STATUS_EXECUTING,2020-11-18 02:50:19
,,,,,StorageDealActive,,baga6ea4seaqfteqwdv4doo5ldb42fyfvmqeuxmus2r7axpsdkkmjcmi6opzpcki,f022352
,,,,,StorageDealTransferring,,baga6ea4seaqfteqwdv4doo5ldb42fyfvmqeuxmus2r7axpsdkkmjcmi6opzpcki,f02665
,,,,,StorageDealTransferring,,baga6ea4seaqfteqwdv4doo5ldb42fyfvmqeuxmus2r7axpsdkkmjcmi6opzpcki,f022308
deplatformr-open-images-405.tar,QmRmWmbRuwFcdAGeydiZdiofApjzK2YSVYFbWWST8cWjzR,99e48cfc-8ea5-46a5-a3f2-703103b88447,JOB_STATUS_EXECUTING,2020-11-19 19:37:30
,,,,,StorageDealStartDataTransfer,,baga6ea4seaqpb7hfvcqartyglgqhcy4g2v2b7mtizbedqisbpgdkezcqwpo54aa,f022308
deplatformr-open-images-302.tar,QmP6fj1JcyS8HTP6GrAXTzHibyUhtMqfpfUYAoe2crVt9F,c3922ad1-5c96-4157-a4f7-b1e5d286dd5b,JOB_STATUS_EXECUTING,2020-11-13 19:28:27
,,,,,StorageDealStartDataTransfer,,baga6ea4seaqikw4ldqngxxm36nekf4lzbakqytlvn73oqgd2ezjlvuqt5rfbmeq,f022352
,,,,,StorageDealStartDataTransfer,,baga6ea4seaqikw4ldqngxxm36nekf4lzbakqytlvn73oqgd2ezjlvuqt5rfbmeq,f02665
,,,,,StorageDealStartDataTransfer,,baga6ea4seaqikw4ldqngxxm36nekf4lzbakqytlvn73oqgd2ezjlvuqt5rfbmeq,f022308
deplatformr-open-images-425.tar,QmQekRbRYjh412HaBsV7Qgr5QM7boXrFW7eKRiu2ZxseZ7,c4945ddb-b74d-4641-8dcd-06b1591fa340,JOB_STATUS_EXECUTING,2020-11-20 18:48:46
,,,,,StorageDealTransferring,,baga6ea4seaqezjt7nsgpjh6oqlmwsof63n5wkk65qu2t7omujpvcxcx7gl2oumq,f02665
,,,,,StorageDealStartDataTransfer,,baga6ea4seaqezjt7nsgpjh6oqlmwsof63n5wkk65qu2t7omujpvcxcx7gl2oumq,f022308
deplatformr-open-images-369.tar,QmQNccE7imZx6bcshrdw5cPGxudTMBtk3uQZQr9xyUQjjZ,d7a6987f-3f9f-4477-ad8f-4ec74d9ced24,JOB_STATUS_EXECUTING,2020-11-15 04:05:44
,,,,,StorageDealStartDataTransfer,,baga6ea4seaqj22rdnecza7hvkj2dmqonckibb4cuqy4lsa2hnvmjoicjpvgioka,f022352
,,,,,StorageDealStartDataTransfer,,baga6ea4seaqj22rdnecza7hvkj2dmqonckibb4cuqy4lsa2hnvmjoicjpvgioka,f022308
deplatformr-open-images-140.tar,QmTPNdW7UDTtRsv96LQqMhY7GoJMW39Ugfyxu63ApTq1o4,d8b4f932-e496-4613-acfe-015bb8cd0190,JOB_STATUS_EXECUTING,2020-11-19 22:18:41
,,,,,StorageDealActive,,baga6ea4seaqbt4mbpf7r2f2odrgtku4ijj3bjwbcdepij5tkqcngephe7q37shy,f022352
,,,,,StorageDealStartDataTransfer,,baga6ea4seaqbt4mbpf7r2f2odrgtku4ijj3bjwbcdepij5tkqcngephe7q37shy,f022308
deplatformr-open-images-367.tar,QmTL4zSRubccBiFJzAkQGuA8EzgPhVhSWLphNG1bNT8Yde,bb9b9f32-4002-4cfe-b213-e9a2c32906c3,JOB_STATUS_EXECUTING,2020-11-26 01:36:58
deplatformr-open-images-408.tar,QmdVzrzyArkWqi3zANWWw4tpKBG8iBMZDDLYmmNKSPUk7M,1f1829ef-065e-413a-bd0f-645e178457a3,JOB_STATUS_EXECUTING,2020-11-19 19:38:05
,,,,,StorageDealActive,,baga6ea4seaqdls7zc6oqih47jfgd6orruucxvlwkpjqsigm3cmggr46nx3hbecq,f022352
,,,,,StorageDealStartDataTransfer,,baga6ea4seaqdls7zc6oqih47jfgd6orruucxvlwkpjqsigm3cmggr46nx3hbecq,f022308
deplatformr-open-images-286.tar,QmPTpqgybVctWdvxLP6VJP82bSfzz3hAh68zxeU9YU6npA,3b84a9e2-c826-4b38-8144-9262665e8544,JOB_STATUS_EXECUTING,2020-11-10 18:58:09
,,,,,StorageDealStartDataTransfer,,baga6ea4seaqeqo7wx4pluhcnbgvh3yjyrv4evdgq26wlu3oxxfoe5kqspqdmaha,f022352
deplatformr-open-images-201.tar,QmTPCXFpvaTzDZZps27ihw4X4c2YkuVQVyHiNdMtwSX3YM,4d731625-eed0-4007-a633-6bfc2ac19818,JOB_STATUS_EXECUTING,2020-11-09 22:10:34
,,,,,StorageDealStartDataTransfer,,baga6ea4seaqntmvj4krhmzu253ygeif4ke4v3inpgm7stqxhbtbzai5mta3z4ay,f022308
,,,,,StorageDealActive,,baga6ea4seaqntmvj4krhmzu253ygeif4ke4v3inpgm7stqxhbtbzai5mta3z4ay,f022352
deplatformr-open-images-393.tar,QmRvCncVEMcjd3E26W7XFYPvtMqkmYxT8LtwXWZQBFDQpU,e380e91f-d3ac-4243-b56d-cdf665b51a06,JOB_STATUS_EXECUTING,2020-11-18 02:51:02
,,,,,StorageDealStartDataTransfer,,baga6ea4seaqh5gm7avltqvftntaakzazyhrvghyzfkxg22p3s3la2gdj3epwkby,f022308
,,,,,StorageDealStartDataTransfer,,baga6ea4seaqh5gm7avltqvftntaakzazyhrvghyzfkxg22p3s3la2gdj3epwkby,f022352
deplatformr-open-images-281.tar,QmYLkx94no1x3Wsi9tgRWM7q8oGdZs3A63mzXqD9wr2gPy,ebd7a9ba-bf10-4fa8-934c-dead27dbe834,JOB_STATUS_EXECUTING,2020-11-10 18:56:52
,,,,,StorageDealError,failed to initiate data transfer: deal data transfer failed: channel removed due to inactivity,baga6ea4seaqh7u6oyctjyj3bn3gf7iapu6w35auktjcf25hk6pgrfuafrxjhuby,f022853
,,,,,StorageDealActive,,baga6ea4seaqh7u6oyctjyj3bn3gf7iapu6w35auktjcf25hk6pgrfuafrxjhuby,f02665
,,,,,StorageDealActive,,baga6ea4seaqh7u6oyctjyj3bn3gf7iapu6w35auktjcf25hk6pgrfuafrxjhuby,f022308
,,,,,StorageDealActive,,baga6ea4seaqh7u6oyctjyj3bn3gf7iapu6w35auktjcf25hk6pgrfuafrxjhuby,f02665
,,,,,StorageDealClientTransferRestart,,baga6ea4seaqh7u6oyctjyj3bn3gf7iapu6w35auktjcf25hk6pgrfuafrxjhuby,f022352
,,,,,StorageDealActive,,baga6ea4seaqh7u6oyctjyj3bn3gf7iapu6w35auktjcf25hk6pgrfuafrxjhuby,f02665
,,,,,StorageDealError,failed to initiate data transfer: deal data transfer failed: channel removed due to inactivity,baga6ea4seaqh7u6oyctjyj3bn3gf7iapu6w35auktjcf25hk6pgrfuafrxjhuby,f024015
deplatformr-open-images-217.tar,QmY7NysTW8AnprYQNuU3N8ZQYfj4uUcZP8vHwmUNRfvy87,f431ff10-7218-46d1-87dd-00ede7ec4f89,JOB_STATUS_EXECUTING,2020-11-04 20:40:05
,,,,,StorageDealStartDataTransfer,,baga6ea4seaqdrz4hvhiglwkdjdttekzzm2wzih5gsdkjhvnvw3xksfmvt4swuli,f02665
,,,,,StorageDealActive,,baga6ea4seaqdrz4hvhiglwkdjdttekzzm2wzih5gsdkjhvnvw3xksfmvt4swuli,f022352
,,,,,StorageDealStartDataTransfer,,baga6ea4seaqdrz4hvhiglwkdjdttekzzm2wzih5gsdkjhvnvw3xksfmvt4swuli,f022308
deplatformr-open-images-365.tar,QmUrj233ZPX5bKVPUMyqrHMcPHx2ogVt3cjNZBrnmCWL4c,a4141986-1b76-49b3-b64a-65a8f8810dbd,JOB_STATUS_EXECUTING,2020-11-26 01:36:19
deplatformr-open-images-316.tar,QmXbJJhPf7xuygo72siYQd8w9Re11wzojk8Ahs7M9rTiEu,0e327b6e-bd47-4add-8252-7d759de94285,JOB_STATUS_EXECUTING,2020-11-13 19:28:05
,,,,,StorageDealStartDataTransfer,,baga6ea4seaqadkamkbhptyzag2n44paebhvmaiklmg5nvacvt3xxyukyio4symq,f022308
,,,,,StorageDealActive,,baga6ea4seaqadkamkbhptyzag2n44paebhvmaiklmg5nvacvt3xxyukyio4symq,f022352
deplatformr-open-images-322.tar,QmULjqQWJ76JPFrjD688MWGW6rgcarqnUT3SBfLpoq5sR1,1ff282fb-e40c-4062-b84e-aef2dc712330,JOB_STATUS_EXECUTING,2020-11-13 19:28:26
,,,,,StorageDealCheckForAcceptance,,baga6ea4seaqco7sok3xntl5ycfkpe3tcmuimgpn3d7olu5ps3eueby4onjliyhq,f02665
,,,,,StorageDealStartDataTransfer,,baga6ea4seaqco7sok3xntl5ycfkpe3tcmuimgpn3d7olu5ps3eueby4onjliyhq,f022308
,,,,,StorageDealActive,,baga6ea4seaqco7sok3xntl5ycfkpe3tcmuimgpn3d7olu5ps3eueby4onjliyhq,f022352
deplatformr-open-images-320.tar,QmQt1Hpz31uMKsqS4xtUzNQTUwRTryvEL6CsPQEju47PQ2,3511d002-2919-41b7-bead-c3f57298b630,JOB_STATUS_EXECUTING,2020-11-13 19:28:25
,,,,,StorageDealStartDataTransfer,,baga6ea4seaqglbrmdl4pd5sbpgyykxzkksaxwjgpv4ccchfj7uob7t57lkriigq,f02665
,,,,,StorageDealActive,,baga6ea4seaqglbrmdl4pd5sbpgyykxzkksaxwjgpv4ccchfj7uob7t57lkriigq,f022352
,,,,,StorageDealStartDataTransfer,,baga6ea4seaqglbrmdl4pd5sbpgyykxzkksaxwjgpv4ccchfj7uob7t57lkriigq,f022308
deplatformr-open-images-362.tar,QmPiFGEzvoJRLz2R3EpiCyLUoFTZxbT6p1JRtDB1WmFzt7,36c82b65-7fbc-421c-9415-95282b30af4d,JOB_STATUS_EXECUTING,2020-11-15 04:03:27
,,,,,StorageDealStartDataTransfer,,baga6ea4seaqnkurmedicygvsebgrgvsyns3bgfuumgmbbqrgfnjwei667hbq2cq,f022308
,,,,,StorageDealStartDataTransfer,,baga6ea4seaqnkurmedicygvsebgrgvsyns3bgfuumgmbbqrgfnjwei667hbq2cq,f022352
deplatformr-open-images-136.tar,QmPbxtQ6W56Pcr5rzq96boUnanVX5QrqzaWJAhzGMWY8Tr,b6506818-e32b-4b04-9725-ee8d7c2f0657,JOB_STATUS_EXECUTING,2020-10-29 04:03:19
,,,,,StorageDealStartDataTransfer,,baga6ea4seaqaemoxeyyinuvof76tx7l55yjznddog2pi6f75xmirrhpjpjl6qfq,f022352
,,,,,StorageDealStartDataTransfer,,baga6ea4seaqaemoxeyyinuvof76tx7l55yjznddog2pi6f75xmirrhpjpjl6qfq,f022308
deplatformr-open-images-299.tar,QmawwbSYFdNDJW4MMMudN3ADCWqeykDgGXmakdnhCewcc9,f8223f3f-bae9-4117-a4dc-59151d86523c,JOB_STATUS_EXECUTING,2020-11-11 03:26:40
,,,,,StorageDealActive,,baga6ea4seaqafhtkfzm7rmjynfkypcj3s7ery7yc2ybi4vxswcii5mdoamoeudq,f022352
,,,,,StorageDealStartDataTransfer,,baga6ea4seaqafhtkfzm7rmjynfkypcj3s7ery7yc2ybi4vxswcii5mdoamoeudq,f022308
,,,,,StorageDealCheckForAcceptance,,baga6ea4seaqafhtkfzm7rmjynfkypcj3s7ery7yc2ybi4vxswcii5mdoamoeudq,f02665
deplatformr-open-images-301.tar,QmdUPvQ8kF5S892AdrdvGRQuWtcbN4xkvHKdXLgrnFjnmt,1b27d1ba-fafe-4a0a-bfd3-94b8711ae0f4,JOB_STATUS_EXECUTING,2020-11-14 19:34:52
,,,,,StorageDealActive,,baga6ea4seaqaymmy3fbby24fymflj4nmonxmzmrwal7qnbmqe4cdnaexh5gtinq,f022352
,,,,,StorageDealStartDataTransfer,,baga6ea4seaqaymmy3fbby24fymflj4nmonxmzmrwal7qnbmqe4cdnaexh5gtinq,f02665
,,,,,StorageDealStartDataTransfer,,baga6ea4seaqaymmy3fbby24fymflj4nmonxmzmrwal7qnbmqe4cdnaexh5gtinq,f022308
deplatformr-open-images-180.tar,QmQdxQ98Nmw51Ey7hQ1sPmrnrFDkPz2w2piGe943rbVRyf,396ffb84-4ab7-4761-87ef-166117414958,JOB_STATUS_EXECUTING,2020-11-19 22:18:30
,,,,,StorageDealStartDataTransfer,,baga6ea4seaqffjbwtg5w4kpygwpjtmaipap2jxa4vaeigj33blmq3vzvwlg6agy,f02665
,,,,,StorageDealStartDataTransfer,,baga6ea4seaqffjbwtg5w4kpygwpjtmaipap2jxa4vaeigj33blmq3vzvwlg6agy,f022352
,,,,,StorageDealStartDataTransfer,,baga6ea4seaqffjbwtg5w4kpygwpjtmaipap2jxa4vaeigj33blmq3vzvwlg6agy,f022308
deplatformr-open-images-317.tar,QmbTHr4vQfFCxVYBXhXC5Sog7GVmybrGGjhcNTamN9Rsjn,3d1c2bbf-7166-4bec-b9d9-5e9eb8e8a1be,JOB_STATUS_EXECUTING,2020-11-13 19:28:26
,,,,,StorageDealStartDataTransfer,,baga6ea4seaqi3tmpgepvr67f6bwynq26bw3fz24nxpiqwb35pjjeo3aghqzf4aa,f022308
,,,,,StorageDealError,"sending proposal to storage provider failed: exhausted 5 attempts but failed to open stream, err: protocol not supported",baga6ea4seaqi3tmpgepvr67f6bwynq26bw3fz24nxpiqwb35pjjeo3aghqzf4aa,f02665
,,,,,StorageDealStartDataTransfer,,baga6ea4seaqi3tmpgepvr67f6bwynq26bw3fz24nxpiqwb35pjjeo3aghqzf4aa,f022352
deplatformr-open-images-294.tar,QmQUmarmDP2xwEkpwknNCE1Z9DiCEmUEByBk8qjXjrRxza,817205bf-0a75-41d9-830d-c4a372ac9619,JOB_STATUS_EXECUTING,2020-11-14 19:34:06
,,,,,StorageDealActive,,baga6ea4seaqnx4imrkqsfmvobe66vpzxcqnw5cy4i5welqxixywiaxlml6n4gii,f022352
,,,,,StorageDealStartDataTransfer,,baga6ea4seaqnx4imrkqsfmvobe66vpzxcqnw5cy4i5welqxixywiaxlml6n4gii,f022308
deplatformr-open-images-430.tar,QmXjpQVtGKPKThMWPGhcsqC5997KzZUzWScZepf8yacqkb,8f1c2f4b-3982-4e27-8109-61105ccb6dd8,JOB_STATUS_EXECUTING,2020-11-20 18:49:50
,,,,,StorageDealStartDataTransfer,,baga6ea4seaqkamrc7oihzwjuuympe5puwpvb5bfjx3zvmfksdvu3qaw5mfhseda,f022308
,,,,,StorageDealStartDataTransfer,,baga6ea4seaqkamrc7oihzwjuuympe5puwpvb5bfjx3zvmfksdvu3qaw5mfhseda,f02665
,,,,,StorageDealActive,,baga6ea4seaqkamrc7oihzwjuuympe5puwpvb5bfjx3zvmfksdvu3qaw5mfhseda,f022352
deplatformr-open-images-422.tar,QmQJWMGKrSGXuw5Y54mSdHURkmBWDM5cZkb7sMkMjesVQG,1f777e89-6af0-40d9-a7da-366dbb8c567c,JOB_STATUS_EXECUTING,2020-11-20 18:48:13
,,,,,StorageDealStartDataTransfer,,baga6ea4seaqop3fmh43k5ewzmmdfdtlgzzpnkcmcqamvzvu5em6fvdty36vxana,f022308
,,,,,StorageDealStartDataTransfer,,baga6ea4seaqop3fmh43k5ewzmmdfdtlgzzpnkcmcqamvzvu5em6fvdty36vxana,f02665
,,,,,StorageDealActive,,baga6ea4seaqop3fmh43k5ewzmmdfdtlgzzpnkcmcqamvzvu5em6fvdty36vxana,f022352
deplatformr-open-images-212.tar,QmV6E3u3A3U27QgwqHAGu5V335q3fVgjBfV18jCuPTBSf1,57322f54-4e14-44d5-a23f-63e67613c8a1,JOB_STATUS_EXECUTING,2020-11-19 22:18:31
,,,,,StorageDealStartDataTransfer,,baga6ea4seaqf5bxlv44cb2fuzfronyigxxrmalwj5hun6da3c7qd7iqerumxkci,f022352
,,,,,StorageDealStartDataTransfer,,baga6ea4seaqf5bxlv44cb2fuzfronyigxxrmalwj5hun6da3c7qd7iqerumxkci,f02665
,,,,,StorageDealStartDataTransfer,,baga6ea4seaqf5bxlv44cb2fuzfronyigxxrmalwj5hun6da3c7qd7iqerumxkci,f022308
deplatformr-open-images-267.tar,QmVQKtUeuL2toKU8ze6PKqoy312sAgwEPgdeo2CNtivKxr,66918306-8304-4f4b-a31a-7d3e9a7afb5d,JOB_STATUS_EXECUTING,2020-11-10 03:07:13
,,,,,StorageDealError,failed to initiate data transfer: deal data transfer failed: channel removed due to inactivity,baga6ea4seaqdivpiogvsp2yitw3w636bjbhaf6udvu27rfbrelfrfoue3vqu4la,f022308
,,,,,StorageDealClientTransferRestart,,baga6ea4seaqdivpiogvsp2yitw3w636bjbhaf6udvu27rfbrelfrfoue3vqu4la,f02665
deplatformr-open-images-361.tar,QmZjFpeaR9PH6NUin5KWQrPFYfeY8M8p4k5ncPeF9s2Fxi,7c687f72-cca6-4561-a3be-c0e95863338e,JOB_STATUS_EXECUTING,2020-11-15 04:03:10
,,,,,StorageDealStartDataTransfer,,baga6ea4seaqlr6kyokvxdb7qfizfxljol5dv3jnxz55plqa6npmq22kqng272ba,f022308
,,,,,StorageDealStartDataTransfer,,baga6ea4seaqlr6kyokvxdb7qfizfxljol5dv3jnxz55plqa6npmq22kqng272ba,f02665
,,,,,StorageDealActive,,baga6ea4seaqlr6kyokvxdb7qfizfxljol5dv3jnxz55plqa6npmq22kqng272ba,f022352
deplatformr-open-images-428.tar,QmT7hoJWMTJR9SexpCFFuT182w87PFwdApuwt9FCisG4hK,d7fcd621-c0c5-4836-8426-aafda33074e9,JOB_STATUS_EXECUTING,2020-11-20 18:49:27
,,,,,StorageDealStartDataTransfer,,baga6ea4seaqhnshrbv3dqnacw7mhfvum6ovxk7ggj6ebex7uf3uq5ydqniz3qhi,f02665
,,,,,StorageDealStartDataTransfer,,baga6ea4seaqhnshrbv3dqnacw7mhfvum6ovxk7ggj6ebex7uf3uq5ydqniz3qhi,f022308
,,,,,StorageDealStartDataTransfer,,baga6ea4seaqhnshrbv3dqnacw7mhfvum6ovxk7ggj6ebex7uf3uq5ydqniz3qhi,f022352
deplatformr-open-images-229.tar,QmQ1S9gtH3UEWXPFn21XvDcs7wV8SDbDUfBxE2VsYGT2uH,6ec16b57-d046-4fa5-9140-15383b02c6c1,JOB_STATUS_EXECUTING,2020-11-26 01:36:27
deplatformr-open-images-177.tar,Qmf2tRXdvxoE3kCVeAomudZKNbRHX4LsW6UfYtZBy9hwro,13694368-44fc-4c03-9d58-52f11defaa1e,JOB_STATUS_EXECUTING,2020-10-31 19:20:51
,,,,,StorageDealStartDataTransfer,,baga6ea4seaqmwb4u2b7sekgsd42ljcbgormc324kzwwkosf3xsl57fmpxyrnqha,f022308
,,,,,StorageDealStartDataTransfer,,baga6ea4seaqmwb4u2b7sekgsd42ljcbgormc324kzwwkosf3xsl57fmpxyrnqha,f022352
deplatformr-open-images-209.tar,QmUE6fzsLQWMHGoYPzh7HmYoKbLhCmvk7aS96SStGZxoQt,52acbec9-362d-4efd-bb38-5ad6b3a256ce,JOB_STATUS_EXECUTING,2020-11-19 22:18:39
,,,,,StorageDealStartDataTransfer,,baga6ea4seaqiboixkddk7cj2gaju3fr7ujgnj2mzlhzbmlpccadks72nuz2jihq,f022352
,,,,,StorageDealError,"sending proposal to storage provider failed: exhausted 5 attempts but failed to open stream, err: dial backoff",baga6ea4seaqiboixkddk7cj2gaju3fr7ujgnj2mzlhzbmlpccadks72nuz2jihq,f02665
,,,,,StorageDealStartDataTransfer,,baga6ea4seaqiboixkddk7cj2gaju3fr7ujgnj2mzlhzbmlpccadks72nuz2jihq,f022308
deplatformr-open-images-358.tar,QmcuZk3QczXS7Py1m5vqcQYdGpgx7o95fr1oagNkWLBgpu,733ac499-fbec-4b07-a764-5ca2dcc7e8d1,JOB_STATUS_EXECUTING,2020-11-13 20:05:00
,,,,,StorageDealStartDataTransfer,,baga6ea4seaqmi4mhvx4xgjzr676zwkhh7g5ze42d72zhfqjre6jzr4ev7bi52ea,f02665
,,,,,StorageDealActive,,baga6ea4seaqmi4mhvx4xgjzr676zwkhh7g5ze42d72zhfqjre6jzr4ev7bi52ea,f022352
deplatformr-open-images-282.tar,Qma6yAXCVDBAYBDEGn83CSXDAYPYzbxNW66u1omrD5gG8Q,73ca3087-c75c-4375-baf5-c254b62d4f9b,JOB_STATUS_EXECUTING,2020-11-14 19:32:45
,,,,,StorageDealStartDataTransfer,,baga6ea4seaqefbsdmgsfrrn3u4sqw56dp4ujgolyv6fwkvzccwqe7r7vnjtp2ny,f022308
,,,,,StorageDealStartDataTransfer,,baga6ea4seaqefbsdmgsfrrn3u4sqw56dp4ujgolyv6fwkvzccwqe7r7vnjtp2ny,f022352
deplatformr-open-images-336.tar,QmeGtFddE67kHVbxdsG4W98MBoc3edhkm8ApmGUbPCeLVn,a95775fe-0768-484f-943c-98487819f253,JOB_STATUS_EXECUTING,2020-11-13 19:28:25
,,,,,StorageDealError,failed to initiate data transfer: deal data transfer failed: channel removed due to inactivity,baga6ea4seaqen6djfoj7fcplwuqgqtojh74piaupedikczjs3xhm6nypfcdjkmy,f022308
,,,,,StorageDealError,"deal failed: (State=26) error calling node: publishing deal: mpool push: failed to push message: not enough funds (required: 0.04999999995977238 FIL, balance: 0.049802709232330425 FIL): not enough funds to execute transaction",baga6ea4seaqen6djfoj7fcplwuqgqtojh74piaupedikczjs3xhm6nypfcdjkmy,f02665
,,,,,StorageDealError,"deal failed: (State=26) error calling node: publishing deal: mpool push: failed to push message: not enough funds (required: 0.04999999997772848 FIL, balance: 0.049802709232330425 FIL): not enough funds to execute transaction",baga6ea4seaqen6djfoj7fcplwuqgqtojh74piaupedikczjs3xhm6nypfcdjkmy,f02665
,,,,,StorageDealActive,error in deal activation: failed to set up called handler: called check error (h: 245141): client: failed to look up deal on chain: deal 1329372 not found,baga6ea4seaqen6djfoj7fcplwuqgqtojh74piaupedikczjs3xhm6nypfcdjkmy,f022352
,,,,,StorageDealError,failed to initiate data transfer: deal data transfer failed: channel removed due to inactivity,baga6ea4seaqen6djfoj7fcplwuqgqtojh74piaupedikczjs3xhm6nypfcdjkmy,f022853
,,,,,StorageDealError,"deal failed: (State=26) error calling node: publishing deal: mpool push: failed to push message: not enough funds (required: 0.049999999991623686 FIL, balance: 0.049802709232330425 FIL): not enough funds to execute transaction",baga6ea4seaqen6djfoj7fcplwuqgqtojh74piaupedikczjs3xhm6nypfcdjkmy,f02665
,,,,,StorageDealClientTransferRestart,,baga6ea4seaqen6djfoj7fcplwuqgqtojh74piaupedikczjs3xhm6nypfcdjkmy,f024015
deplatformr-open-images-215.tar,QmcyuYWXHmDD1pfwQHnPZycqXBazQf27dRPgRAPwvtUAQy,f9152366-3096-4b71-ad77-c47417595bd3,JOB_STATUS_EXECUTING,2020-11-19 22:18:28
,,,,,StorageDealActive,,baga6ea4seaqibasbf6cr5gcfvqwkl44pzxjulqwqqylidohsxxmaur42fsd7uoa,f022352
,,,,,StorageDealStartDataTransfer,,baga6ea4seaqibasbf6cr5gcfvqwkl44pzxjulqwqqylidohsxxmaur42fsd7uoa,f022308
,,,,,StorageDealStartDataTransfer,,baga6ea4seaqibasbf6cr5gcfvqwkl44pzxjulqwqqylidohsxxmaur42fsd7uoa,f02665
deplatformr-open-images-355.tar,QmPy3jTYGfERbFLeTTryBWwi5MGno6aUKmtZGifrAUCPWE,fbdaacc1-4c9b-43df-bddb-656d0b84eb87,JOB_STATUS_EXECUTING,2020-11-13 20:04:21
,,,,,StorageDealStartDataTransfer,,baga6ea4seaqgsviepp6lblwqosgkp5gm4kmi6wrjj5pgdmubgtclg3ksyg4emmq,f022308
,,,,,StorageDealStartDataTransfer,,baga6ea4seaqgsviepp6lblwqosgkp5gm4kmi6wrjj5pgdmubgtclg3ksyg4emmq,f02665
,,,,,StorageDealActive,,baga6ea4seaqgsviepp6lblwqosgkp5gm4kmi6wrjj5pgdmubgtclg3ksyg4emmq,f022352
deplatformr-open-images-371.tar,QmYtiPTubjfSLXursQkXTSHm6Pe3PSHemLDznXVEcyWHFV,1a311fe4-dfeb-42b6-b45d-9a82ec041622,JOB_STATUS_EXECUTING,2020-11-15 19:42:23
,,,,,StorageDealStartDataTransfer,,baga6ea4seaqeqxm7giatz6ona3yf7gcu3oe4lqylcgjch5c43pyki774avnhuay,f02665
,,,,,StorageDealStartDataTransfer,,baga6ea4seaqeqxm7giatz6ona3yf7gcu3oe4lqylcgjch5c43pyki774avnhuay,f022308
,,,,,StorageDealActive,,baga6ea4seaqeqxm7giatz6ona3yf7gcu3oe4lqylcgjch5c43pyki774avnhuay,f022352
deplatformr-open-images-406.tar,QmcgUmQCtTsScfPCPgtyCDY3orM2eh7L1DsKpVbGuzUyFn,25760052-e771-49b2-b1ec-5c862e6265ee,JOB_STATUS_EXECUTING,2020-11-19 19:37:43
,,,,,StorageDealActive,,baga6ea4seaqpfjintoogrhassxszp527p3u2nugigyvfqibip2spbpjghr6qcjq,f022352
,,,,,StorageDealTransferring,,baga6ea4seaqpfjintoogrhassxszp527p3u2nugigyvfqibip2spbpjghr6qcjq,f022308
deplatformr-open-images-166.tar,QmbHyV65qgtWxzwCdgBjY32aDcGSoz687ozNh8wEu9dtwf,3ba11104-908c-481e-b5e5-aea893cf06e6,JOB_STATUS_EXECUTING,2020-11-05 18:49:02
,,,,,StorageDealStartDataTransfer,,baga6ea4seaqkgclr7ufeel3qshl5zwxcnylchpi3xeatx253kysi4csh5rlbgbi,f02665
,,,,,StorageDealStartDataTransfer,,baga6ea4seaqkgclr7ufeel3qshl5zwxcnylchpi3xeatx253kysi4csh5rlbgbi,f022308
,,,,,StorageDealStartDataTransfer,,baga6ea4seaqkgclr7ufeel3qshl5zwxcnylchpi3xeatx253kysi4csh5rlbgbi,f022352
deplatformr-open-images-255.tar,QmTqFto7XSkapCtNMJtDfJGHVjDbfg5uRQLf3nRZGy4Uvb,7964c0df-76a5-4c76-a244-4530f6bbb8b7,JOB_STATUS_EXECUTING,2020-11-08 22:10:27
,,,,,StorageDealActive,,baga6ea4seaqk5wi432xl2jnnji7w6ke5l42b3phprhq5pvhkbkgizqklfexqupq,f024015
,,,,,StorageDealClientTransferRestart,,baga6ea4seaqk5wi432xl2jnnji7w6ke5l42b3phprhq5pvhkbkgizqklfexqupq,f02401
,,,,,StorageDealError,sending proposal to storage provider failed: connection write timeout,baga6ea4seaqk5wi432xl2jnnji7w6ke5l42b3phprhq5pvhkbkgizqklfexqupq,f022853
deplatformr-open-images-338.tar,QmRumPoqkr3umgngaSMgmVD5inu2G8wyP3vDFzAhw9qwkS,bb3eccc0-e2c3-416c-b754-8622b2cc4f7f,JOB_STATUS_EXECUTING,2020-11-13 19:28:12
,,,,,StorageDealError,"sending proposal to storage provider failed: exhausted 5 attempts but failed to open stream, err: dial backoff",baga6ea4seaqing76dnmbbhp5ijkvghsqco3pljfpogrrmgdptspbsgaa73tc4hq,f02665
,,,,,StorageDealStartDataTransfer,,baga6ea4seaqing76dnmbbhp5ijkvghsqco3pljfpogrrmgdptspbsgaa73tc4hq,f022308
,,,,,StorageDealStartDataTransfer,,baga6ea4seaqing76dnmbbhp5ijkvghsqco3pljfpogrrmgdptspbsgaa73tc4hq,f022352
deplatformr-open-images-416.tar,QmTPeShc1kEnpQoqDMJYpBbpgpFEcBqzthY36We7FCifaJ,e8644d17-e225-47c0-8761-71d10eaa29cd,JOB_STATUS_EXECUTING,2020-11-20 04:03:23
,,,,,StorageDealActive,,baga6ea4seaqd3klt6xnveoetku2xu4gbhp6it4azqpihewiylydvfwuodydmsly,f022352
,,,,,StorageDealStartDataTransfer,,baga6ea4seaqd3klt6xnveoetku2xu4gbhp6it4azqpihewiylydvfwuodydmsly,f02665
,,,,,StorageDealStartDataTransfer,,baga6ea4seaqd3klt6xnveoetku2xu4gbhp6it4azqpihewiylydvfwuodydmsly,f022308
deplatformr-open-images-360.tar,QmQECYNz7z2FtUKvBmcRaVy7WyEUx8WZYmrotbeqfhQyfp,090fd3bc-01e3-4105-817e-03d39ef9c4ac,JOB_STATUS_EXECUTING,2020-11-14 19:32:59
,,,,,StorageDealStartDataTransfer,,baga6ea4seaqjqvlfgklurg53cmu75n36dgrpmplcrl6uqmehwhf47qmwwhfdmgq,f022308
deplatformr-open-images-283.tar,QmczVy4Njbnz9nkwHBPBEZYCXm162T35JeMZzjUntzhnXm,68acefd6-5564-4344-b502-3e12b1560279,JOB_STATUS_EXECUTING,2020-11-10 18:57:25
,,,,,StorageDealStartDataTransfer,,baga6ea4seaqkp6zzt34wtsysrcqoquwuowvhjjxa2ai3f42lfj5pitwbabwroey,f022308
,,,,,StorageDealStartDataTransfer,,baga6ea4seaqkp6zzt34wtsysrcqoquwuowvhjjxa2ai3f42lfj5pitwbabwroey,f022352
deplatformr-open-images-397.tar,QmdDQaLxgvpHUSStEgdeW3zQXC4Rqbsajh3bxpwoUvex3G,7ab2662b-1b76-4e09-9ffc-cd51972cd2c4,JOB_STATUS_EXECUTING,2020-11-19 22:18:33
,,,,,StorageDealStartDataTransfer,,baga6ea4seaqj52g4m4rozatdzutijap4hcey2l7zxqlitbtrhavyta6frb4t2kq,f022308
,,,,,StorageDealStartDataTransfer,,baga6ea4seaqj52g4m4rozatdzutijap4hcey2l7zxqlitbtrhavyta6frb4t2kq,f02665
,,,,,StorageDealActive,,baga6ea4seaqj52g4m4rozatdzutijap4hcey2l7zxqlitbtrhavyta6frb4t2kq,f022352
deplatformr-open-images-378.tar,QmTjmaXBc6FqLKzrnngfpy2byFco4zZG9rViGHSPmBMwCw,7ebeb8fd-2c1e-4746-8119-5ae5c8954f56,JOB_STATUS_EXECUTING,2020-11-15 19:45:13
,,,,,StorageDealStartDataTransfer,,baga6ea4seaqfvp54acw5fwxzgrrg7yhlpalfvsusbmjuj5j7k2ugm5nnu6dykbq,f02665
,,,,,StorageDealActive,,baga6ea4seaqfvp54acw5fwxzgrrg7yhlpalfvsusbmjuj5j7k2ugm5nnu6dykbq,f022352
,,,,,StorageDealStartDataTransfer,,baga6ea4seaqfvp54acw5fwxzgrrg7yhlpalfvsusbmjuj5j7k2ugm5nnu6dykbq,f022308
deplatformr-open-images-380.tar,QmNt5wFu61AQvCsm2rginq9aL69XLu53wFFTfV2jNn4t4Y,8b140de0-175b-44e1-b751-5c6ec969e51a,JOB_STATUS_EXECUTING,2020-11-19 22:18:37
,,,,,StorageDealStartDataTransfer,,baga6ea4seaqkw64ksjhohgfjft6aeyw3azja3mrx2ykqkxdpeqpykn7zcfyluji,f022308
,,,,,StorageDealActive,,baga6ea4seaqkw64ksjhohgfjft6aeyw3azja3mrx2ykqkxdpeqpykn7zcfyluji,f022352
deplatformr-open-images-306.tar,QmeMrjSt2smS3SzbduNAq6y3i49YbxYCb9i1qgvQYfycpe,8feffbdc-0461-4375-b238-aa848674750b,JOB_STATUS_EXECUTING,2020-11-14 19:32:43
,,,,,StorageDealError,error in deal activation: handling applied event: failed to load message: blockstore: block not found,baga6ea4seaqhjorhy4cjacjdvjusdxsffysogzikick6b2ndrlsxo4yaasoladq,f02665
,,,,,StorageDealActive,,baga6ea4seaqhjorhy4cjacjdvjusdxsffysogzikick6b2ndrlsxo4yaasoladq,f022352
,,,,,StorageDealError,error in deal activation: failed to set up called handler: called check error (h: 248419): failed to look up deal on chain: failed to load message: blockstore: block not found,baga6ea4seaqhjorhy4cjacjdvjusdxsffysogzikick6b2ndrlsxo4yaasoladq,f02665
,,,,,StorageDealError,error in deal activation: failed to set up called handler: called check error (h: 248419): failed to look up deal on chain: failed to load message: blockstore: block not found,baga6ea4seaqhjorhy4cjacjdvjusdxsffysogzikick6b2ndrlsxo4yaasoladq,f02665
,,,,,StorageDealError,failed to initiate data transfer: deal data transfer failed: channel removed due to inactivity,baga6ea4seaqhjorhy4cjacjdvjusdxsffysogzikick6b2ndrlsxo4yaasoladq,f022853
,,,,,StorageDealClientTransferRestart,,baga6ea4seaqhjorhy4cjacjdvjusdxsffysogzikick6b2ndrlsxo4yaasoladq,f022308
deplatformr-open-images-289.tar,QmNpZiZu41mgLnhLZiqwzpzYWWJAu6KHn8qr3Cnq5cxhju,23aa3a88-7976-4ef2-83a0-2ba026970a63,JOB_STATUS_EXECUTING,2020-11-19 22:18:38
,,,,,StorageDealStartDataTransfer,,baga6ea4seaqety6rpd6baguu4cjb6rdlkpyi7w5u7tgdkfffu6t2xynqvrjxici,f02665
,,,,,StorageDealStartDataTransfer,,baga6ea4seaqety6rpd6baguu4cjb6rdlkpyi7w5u7tgdkfffu6t2xynqvrjxici,f022308
,,,,,StorageDealActive,,baga6ea4seaqety6rpd6baguu4cjb6rdlkpyi7w5u7tgdkfffu6t2xynqvrjxici,f022352
deplatformr-open-images-364.tar,QmYktmSWJMbHE6GrM3GvT4D4QSP6EWGnwchFhRwTMK1RGH,3068f5e5-7aa1-420c-be12-4032d697e700,JOB_STATUS_EXECUTING,2020-11-15 04:04:15
,,,,,StorageDealStartDataTransfer,,baga6ea4seaqbi6drqg4gj5mss6z6nik6zlyppkturcdo53ey6ac4dn5jtkl36ny,f022352
,,,,,StorageDealStartDataTransfer,,baga6ea4seaqbi6drqg4gj5mss6z6nik6zlyppkturcdo53ey6ac4dn5jtkl36ny,f022308
deplatformr-open-images-232.tar,QmS4zGHSB74yTaVtckS3VRcufhuWJRYUJvxY2D4mCujiKH,856acb02-c342-44fb-bf8d-6ae610f6e017,JOB_STATUS_EXECUTING,2020-11-05 21:07:09
,,,,,StorageDealError,"unexpected deal status while waiting for data request: 11 (StorageDealFailing). Provider message: deal rejected: false
",baga6ea4seaqfbyqr24tog3p6z5lki7wz5dkprjh6hdj6f4xr3iymwar6kq456ay,f08285
,,,,,StorageDealError,failed to initiate data transfer: deal data transfer failed: channel removed due to inactivity,baga6ea4seaqfbyqr24tog3p6z5lki7wz5dkprjh6hdj6f4xr3iymwar6kq456ay,f022853
,,,,,StorageDealError,error in deal activation: failed to set up called handler: called check error (h: 224109): client: failed to look up deal on chain: deal 1226329 not found,baga6ea4seaqfbyqr24tog3p6z5lki7wz5dkprjh6hdj6f4xr3iymwar6kq456ay,f029368
,,,,,StorageDealActive,,baga6ea4seaqfbyqr24tog3p6z5lki7wz5dkprjh6hdj6f4xr3iymwar6kq456ay,f08403
,,,,,StorageDealActive,,baga6ea4seaqfbyqr24tog3p6z5lki7wz5dkprjh6hdj6f4xr3iymwar6kq456ay,f042635
,,,,,StorageDealActive,,baga6ea4seaqfbyqr24tog3p6z5lki7wz5dkprjh6hdj6f4xr3iymwar6kq456ay,f022352
,,,,,StorageDealClientTransferRestart,,baga6ea4seaqfbyqr24tog3p6z5lki7wz5dkprjh6hdj6f4xr3iymwar6kq456ay,f022308
deplatformr-open-images-373.tar,QmYpQDxXAui2jewijsgcMnvXJ1H9hGJSxaDDa8muLXZCCi,87ed400f-5cf3-4383-ba38-f4958b196430,JOB_STATUS_EXECUTING,2020-11-15 19:43:00
,,,,,StorageDealCheckForAcceptance,,baga6ea4seaqjupg5rocy6sjo7hhwirity4zz4yq5zxou5fepm2n5ijcu7b3aylq,f02665
,,,,,StorageDealActive,,baga6ea4seaqjupg5rocy6sjo7hhwirity4zz4yq5zxou5fepm2n5ijcu7b3aylq,f022352
deplatformr-open-images-181.tar,QmSpvUvfzi3giM7GwmEBumEgLs6xH9wemJkCjxcw5Vxj9H,f9a0d027-52eb-412d-afd9-652c920e6491,JOB_STATUS_EXECUTING,2020-11-19 22:18:31
,,,,,StorageDealStartDataTransfer,,baga6ea4seaqldjpt5rnbqiqdm7537asq5k62ftkhpylc4kltbjby6ovnbmnwwki,f022308
,,,,,StorageDealStartDataTransfer,,baga6ea4seaqldjpt5rnbqiqdm7537asq5k62ftkhpylc4kltbjby6ovnbmnwwki,f02665
,,,,,StorageDealActive,,baga6ea4seaqldjpt5rnbqiqdm7537asq5k62ftkhpylc4kltbjby6ovnbmnwwki,f022352
deplatformr-open-images-431.tar,QmYkqXCRfH1SMnetLnZpg6jxGbo3aWxFVL7DFj1eqhXKnf,16962041-d1c5-4986-9220-3b8167a3ff6e,JOB_STATUS_EXECUTING,2020-12-01 18:17:10
deplatformr-open-images-251.tar,QmbdY4iPWdap5fZJ7kMnd581bMAQMg3PuGXj1cExCX6M5j,046e9b95-8a38-4c53-8bec-175acc28d4cf,JOB_STATUS_EXECUTING,2020-11-06 04:10:17
,,,,,StorageDealStartDataTransfer,,baga6ea4seaqckkitaosjcregwipvkq2bmniavqz4j57hxclgkye5uvzhtafk2hq,f022352
,,,,,StorageDealStartDataTransfer,,baga6ea4seaqckkitaosjcregwipvkq2bmniavqz4j57hxclgkye5uvzhtafk2hq,f022308
deplatformr-open-images-379.tar,QmRKbCZhhfjXLD1XfUNAVnraPNNpM9oNetG94yDghdSy93,05a1ed2d-8798-4f2e-a7e5-9978db594271,JOB_STATUS_EXECUTING,2020-11-17 04:41:19
,,,,,StorageDealError,error reading Response message: stream reset,baga6ea4seaqlvivw6faatpefbm33kn7gfpucjs4f56q6327gbxla7yyogzqngci,f02665
,,,,,StorageDealStartDataTransfer,,baga6ea4seaqlvivw6faatpefbm33kn7gfpucjs4f56q6327gbxla7yyogzqngci,f022352
,,,,,StorageDealStartDataTransfer,,baga6ea4seaqlvivw6faatpefbm33kn7gfpucjs4f56q6327gbxla7yyogzqngci,f022308
deplatformr-open-images-264.tar,QmR9LJVAcQUHkCmys3rfaZaVbBMoT3Z2NJpopvbPV9Ma8t,5d9f8e75-7a9d-420e-b686-5b21ac2bbd68,JOB_STATUS_EXECUTING,2020-11-10 03:06:27
,,,,,StorageDealClientTransferRestart,,baga6ea4seaqoupdwxwcgcjmjmqlh6tl3tjkkhlxj6gscxiqitv2bfptt2sahmaa,f02665
,,,,,StorageDealActive,,baga6ea4seaqoupdwxwcgcjmjmqlh6tl3tjkkhlxj6gscxiqitv2bfptt2sahmaa,f01276
,,,,,StorageDealActive,,baga6ea4seaqoupdwxwcgcjmjmqlh6tl3tjkkhlxj6gscxiqitv2bfptt2sahmaa,f02665
,,,,,StorageDealActive,,baga6ea4seaqoupdwxwcgcjmjmqlh6tl3tjkkhlxj6gscxiqitv2bfptt2sahmaa,f08403
,,,,,StorageDealActive,,baga6ea4seaqoupdwxwcgcjmjmqlh6tl3tjkkhlxj6gscxiqitv2bfptt2sahmaa,f022308
,,,,,StorageDealActive,,baga6ea4seaqoupdwxwcgcjmjmqlh6tl3tjkkhlxj6gscxiqitv2bfptt2sahmaa,f02665
deplatformr-open-images-427.tar,QmYSSp1pYvSuVLaDywg42TrWBzncK4FFC7bBMaF2Dg3Yg8,a7b0fabd-8dc3-45a7-8b33-32757c9a611a,JOB_STATUS_EXECUTING,2020-11-20 18:49:14
,,,,,StorageDealActive,,baga6ea4seaqdsa3yczbuatxzlbrnhgyid4hluhzjjdhhzalni2ukembqxu2hgfa,f022352
,,,,,StorageDealStartDataTransfer,,baga6ea4seaqdsa3yczbuatxzlbrnhgyid4hluhzjjdhhzalni2ukembqxu2hgfa,f022308
deplatformr-open-images-354.tar,QmVJ4hTom9EC1TfszaGQvh8weQzd1oktEM9HsFzU3k34CX,ea2e0d6b-5715-48a5-8a08-43b4ec1910b3,JOB_STATUS_EXECUTING,2020-11-13 20:04:06
,,,,,StorageDealStartDataTransfer,,baga6ea4seaqh2nkcb4griu7ca7bthm3f2cyy5zjd6wfes2lufrkdfo6qx5l6acq,f022308
,,,,,StorageDealStartDataTransfer,,baga6ea4seaqh2nkcb4griu7ca7bthm3f2cyy5zjd6wfes2lufrkdfo6qx5l6acq,f02665
,,,,,StorageDealStartDataTransfer,,baga6ea4seaqh2nkcb4griu7ca7bthm3f2cyy5zjd6wfes2lufrkdfo6qx5l6acq,f022352
deplatformr-open-images-328.tar,QmXu5yL2eihQu2k2ZkCyYyfEocmhqbENvD2yd7D9bCAquH,f6c279e2-e88b-473e-8930-5f8e5927929b,JOB_STATUS_EXECUTING,2020-11-13 19:28:11
,,,,,StorageDealStartDataTransfer,,baga6ea4seaqhelds53euzg3vca3bsacurqms3bsreuxjxvaafue3e6v4ysurmpq,f02665
,,,,,StorageDealActive,,baga6ea4seaqhelds53euzg3vca3bsacurqms3bsreuxjxvaafue3e6v4ysurmpq,f022352
,,,,,StorageDealStartDataTransfer,,baga6ea4seaqhelds53euzg3vca3bsacurqms3bsreuxjxvaafue3e6v4ysurmpq,f022308
deplatformr-open-images-315.tar,QmaU2w8FKENFphSoxvVTeHkefFgERKLx7vRcuWYCdzyF8b,fe122d9a-be18-4d15-9b35-d2bc29867ade,JOB_STATUS_EXECUTING,2020-11-26 01:36:22
deplatformr-open-images-417.tar,QmakUqsb3csvpgmSHjZ1cud2N1nWjiGXamezmRTomtAmy4,389a990a-ba2f-4dc5-9037-b98f4edfa1bb,JOB_STATUS_EXECUTING,2020-11-20 04:03:34
,,,,,StorageDealActive,,baga6ea4seaqan27zq5pze25fb6cvgn6dae5mi25zwu4gxle7376esezwaq7acay,f022352
,,,,,StorageDealStartDataTransfer,,baga6ea4seaqan27zq5pze25fb6cvgn6dae5mi25zwu4gxle7376esezwaq7acay,f022308
deplatformr-open-images-426.tar,QmVWcY9Bgt1iNVSGwf8vsMymog8iBgxt67hwTMFW3WrS4D,a40974ee-f572-49a9-aebb-0cf3fa80080b,JOB_STATUS_EXECUTING,2020-11-20 18:48:57
,,,,,StorageDealActive,,baga6ea4seaqoivzopiy7sqym4qgg7l3fok2j4gcgnokibm4chlrig2wywiupiei,f022352
,,,,,StorageDealStartDataTransfer,,baga6ea4seaqoivzopiy7sqym4qgg7l3fok2j4gcgnokibm4chlrig2wywiupiei,f022308
deplatformr-open-images-280.tar,QmYH6n9vtPazEsHVaMV5Ki3iUqHmZXYveED7494NsiqW6s,a557b55b-55d7-46ca-a78b-3fa4d4778bea,JOB_STATUS_EXECUTING,2020-11-10 04:38:53
,,,,,StorageDealActive,,baga6ea4seaqblbo42mrr7cxyacxwr3zhwikb6g7oih3wits3gcifah32wcgnyla,f01276
,,,,,StorageDealActive,,baga6ea4seaqblbo42mrr7cxyacxwr3zhwikb6g7oih3wits3gcifah32wcgnyla,f08403
,,,,,StorageDealActive,,baga6ea4seaqblbo42mrr7cxyacxwr3zhwikb6g7oih3wits3gcifah32wcgnyla,f024015
,,,,,StorageDealClientTransferRestart,,baga6ea4seaqblbo42mrr7cxyacxwr3zhwikb6g7oih3wits3gcifah32wcgnyla,f02665
,,,,,StorageDealClientTransferRestart,,baga6ea4seaqblbo42mrr7cxyacxwr3zhwikb6g7oih3wits3gcifah32wcgnyla,f02665
,,,,,StorageDealClientTransferRestart,,baga6ea4seaqblbo42mrr7cxyacxwr3zhwikb6g7oih3wits3gcifah32wcgnyla,f02665
,,,,,StorageDealActive,,baga6ea4seaqblbo42mrr7cxyacxwr3zhwikb6g7oih3wits3gcifah32wcgnyla,f022352
deplatformr-open-images-337.tar,QmRYJb9xaFZYT6Je7pHStWCu1ukJk4454gHKEkRhsVz8ZU,cfe37404-c7a6-4035-b1ff-21976cad956c,JOB_STATUS_EXECUTING,2020-11-13 19:28:19
,,,,,StorageDealActive,,baga6ea4seaqebs7ynjjtksdoy2bk6tbz27vkc57ilysehu7a2ut235oo4eyw6ka,f022352
,,,,,StorageDealSealing,,baga6ea4seaqebs7ynjjtksdoy2bk6tbz27vkc57ilysehu7a2ut235oo4eyw6ka,f02665
deplatformr-open-images-331.tar,QmWJ5u2tyQbDsMwfFGaBS6odJdNryGTryTAR2WC9WWRtxD,ab759beb-4bcc-4ef1-91e9-afee92be2032,JOB_STATUS_EXECUTING,2020-11-13 01:09:57
,,,,,StorageDealActive,,baga6ea4seaqhe4knnqiif7gdpswig2vpekyyvgc746avcjqgpuiktabg3nc6kia,f022352
,,,,,StorageDealStartDataTransfer,,baga6ea4seaqhe4knnqiif7gdpswig2vpekyyvgc746avcjqgpuiktabg3nc6kia,f022308
deplatformr-open-images-325.tar,QmVSZoBh3fvfFoeMbf2fijbu7KXoyLx7SjKff8fTpcCdPY,1786dcdd-d46c-43dd-86d0-44de212b4c25,JOB_STATUS_EXECUTING,2020-11-13 19:28:17
,,,,,StorageDealStartDataTransfer,,baga6ea4seaqpcveyjjjr55zv7qd2l3juhpkfd7cd7wv2kcsnlin5ig4uaxrcmbq,f022308
,,,,,StorageDealStartDataTransfer,,baga6ea4seaqpcveyjjjr55zv7qd2l3juhpkfd7cd7wv2kcsnlin5ig4uaxrcmbq,f022352
,,,,,StorageDealError,error reading Response message: stream reset,baga6ea4seaqpcveyjjjr55zv7qd2l3juhpkfd7cd7wv2kcsnlin5ig4uaxrcmbq,f02665
deplatformr-open-images-276.tar,QmXBdQFEoPFnbTXPmnXf7V5AmpyUcQsDVmvzVyRcQCG8Hi,477a72e1-3c28-45f3-92b4-0d407b86dbf9,JOB_STATUS_EXECUTING,2020-11-13 19:27:49
,,,,,StorageDealStartDataTransfer,,baga6ea4seaqey5sonric2iteyruj7qkty37u725asq2sgrtzkgr5lpvjpasaiaa,f022308
,,,,,StorageDealStartDataTransfer,,baga6ea4seaqey5sonric2iteyruj7qkty37u725asq2sgrtzkgr5lpvjpasaiaa,f022352
deplatformr-open-images-151.tar,QmYTpmkctpr44Y6LatN25RUx1uvcZtTwbsVecNBpLyaQ8U,5a635660-5cb4-4e56-9189-ba548f795048,JOB_STATUS_EXECUTING,2020-11-01 16:55:15
,,,,,StorageDealStartDataTransfer,,baga6ea4seaqe6sugpgwc56atc7caedfse7nkj55shkdghebwrclzji6uflqrgby,f022308
,,,,,StorageDealStartDataTransfer,,baga6ea4seaqe6sugpgwc56atc7caedfse7nkj55shkdghebwrclzji6uflqrgby,f022352
deplatformr-open-images-368.tar,QmS8ByGBzeXFrX1BFtF1yrX94UwMC61gze9HTBsfSw4xst,611f3fb6-3f14-4559-a1fa-89898f8f9956,JOB_STATUS_EXECUTING,2020-11-15 04:05:28
,,,,,StorageDealStartDataTransfer,,baga6ea4seaqcap2canxcfdmiewj46mf6zzendqsx4xoyo7bhqkcjxj74ejeqwpa,f022352
,,,,,StorageDealStartDataTransfer,,baga6ea4seaqcap2canxcfdmiewj46mf6zzendqsx4xoyo7bhqkcjxj74ejeqwpa,f022308
deplatformr-open-images-208.tar,QmcnsoZdm9U7SYxQK7amu4NUyv2z2cFnxyGiaSFTomcDhK,7b34ae03-c728-4382-a366-eb3c5d15e895,JOB_STATUS_EXECUTING,2020-11-14 19:32:45
,,,,,StorageDealStartDataTransfer,,baga6ea4seaqg6pxfd3vp5eyu4oxzukjizzuryk5hdx464dk7j3hsgjuqu7nq4bq,f022308
,,,,,StorageDealActive,,baga6ea4seaqg6pxfd3vp5eyu4oxzukjizzuryk5hdx464dk7j3hsgjuqu7nq4bq,f022352
deplatformr-open-images-174.tar,QmUcjLnh2PhpwX1Qh6xkpbpXS6qdHkNZHmUEv2oS3QaJsk,82cf1f78-98e3-44b3-a60d-33d01ab15fcd,JOB_STATUS_EXECUTING,2020-10-30 22:00:22
,,,,,StorageDealError,failed to initiate data transfer: deal data transfer failed: channel removed due to inactivity,baga6ea4seaqcweem52kgtqnyx3z3ag3ufnkycruuxkztv2mwhipykzpfaza2cha,f022853
,,,,,StorageDealError,error in deal activation: failed to set up called handler: called check error (h: 210098): client: failed to look up deal on chain: deal 1130785 not found,baga6ea4seaqcweem52kgtqnyx3z3ag3ufnkycruuxkztv2mwhipykzpfaza2cha,f030384
,,,,,StorageDealClientTransferRestart,,baga6ea4seaqcweem52kgtqnyx3z3ag3ufnkycruuxkztv2mwhipykzpfaza2cha,f053255
,,,,,StorageDealError,failed to initiate data transfer: deal data transfer failed: channel removed due to inactivity,baga6ea4seaqcweem52kgtqnyx3z3ag3ufnkycruuxkztv2mwhipykzpfaza2cha,f08403
deplatformr-open-images-341.tar,QmacMiBEC36bzoBU3Hiy4P4Mz8h9DxPnTzaA6ej9MTznHm,8cd4ddbf-bfb9-4c56-bd2c-cedc6de6d971,JOB_STATUS_EXECUTING,2020-11-13 19:28:26
,,,,,StorageDealStartDataTransfer,,baga6ea4seaqlgypdo6ogygxreoy6ngxqszqczve527f64uvh74rz7pax6obqwni,f02665
,,,,,StorageDealStartDataTransfer,,baga6ea4seaqlgypdo6ogygxreoy6ngxqszqczve527f64uvh74rz7pax6obqwni,f022308
,,,,,StorageDealActive,,baga6ea4seaqlgypdo6ogygxreoy6ngxqszqczve527f64uvh74rz7pax6obqwni,f022352
deplatformr-open-images-231.tar,QmbM6RLD76Zo37bmuEzG2bXC95s3adPPUAGHnF7KUWSXiK,acb75949-dc17-4565-89c7-6286aed1f7a8,JOB_STATUS_EXECUTING,2020-11-19 22:18:31
,,,,,StorageDealStartDataTransfer,,baga6ea4seaqpyhu5nucapwqgyyj2mb4gtzqdlvj4ejrbecfn4sqwbwj7fmr6ely,f02665
,,,,,StorageDealStartDataTransfer,,baga6ea4seaqpyhu5nucapwqgyyj2mb4gtzqdlvj4ejrbecfn4sqwbwj7fmr6ely,f022352
,,,,,StorageDealStartDataTransfer,,baga6ea4seaqpyhu5nucapwqgyyj2mb4gtzqdlvj4ejrbecfn4sqwbwj7fmr6ely,f022308
deplatformr-open-images-399.tar,QmXfb4cRphEoD7CNudNyGvnRhutzpXj72mrUfxPeVcS4Yg,3c14ffe4-b19d-4c88-a441-e532000ec507,JOB_STATUS_EXECUTING,2020-11-19 22:18:42
,,,,,StorageDealStartDataTransfer,,baga6ea4seaqc2gacemsucxgacnzln3lssojuzp3647ay432d6j6yc7dv7rcxqaa,f022352
,,,,,StorageDealStartDataTransfer,,baga6ea4seaqc2gacemsucxgacnzln3lssojuzp3647ay432d6j6yc7dv7rcxqaa,f02665
,,,,,StorageDealStartDataTransfer,,baga6ea4seaqc2gacemsucxgacnzln3lssojuzp3647ay432d6j6yc7dv7rcxqaa,f022308
deplatformr-open-images-403.tar,QmSED9tEyhj3gjz3Ry1afCP4aoMXranjpBgYLLUDbyfdy5,ab8033d8-798d-44b0-ab0c-39ff916e3cdd,JOB_STATUS_EXECUTING,2020-11-19 19:37:08
,,,,,StorageDealStartDataTransfer,,baga6ea4seaqnabor7d26auyz75uuplxnbylfpjvvco27xes7ewvneuw4pbnqyaq,f02665
,,,,,StorageDealStartDataTransfer,,baga6ea4seaqnabor7d26auyz75uuplxnbylfpjvvco27xes7ewvneuw4pbnqyaq,f022308
,,,,,StorageDealActive,,baga6ea4seaqnabor7d26auyz75uuplxnbylfpjvvco27xes7ewvneuw4pbnqyaq,f022352
deplatformr-open-images-134.tar,Qmc7d6tooHxbtbeDv54wYDt7sRRTyx1vWs54EiYpk1erh7,ca5a9037-5146-4c25-aa3a-c3bb37e90781,JOB_STATUS_EXECUTING,2020-10-29 04:02:50
,,,,,StorageDealStartDataTransfer,,baga6ea4seaqn74c56ikvxksw6miegmeavgy4skqqxudjicmi7orvmvnb2twdsgi,f022352
,,,,,StorageDealStartDataTransfer,,baga6ea4seaqn74c56ikvxksw6miegmeavgy4skqqxudjicmi7orvmvnb2twdsgi,f022308
,,,,,StorageDealError,"sending proposal to storage provider failed: exhausted 5 attempts but failed to open stream, err: dial backoff",baga6ea4seaqn74c56ikvxksw6miegmeavgy4skqqxudjicmi7orvmvnb2twdsgi,f02665
deplatformr-open-images-270.tar,QmbXf9u7puAX8Wg3BysrzJpg5S76oo6ujHepRi7NkpzZ3q,097887ba-c15c-4cfc-b6da-a88df19eb63b,JOB_STATUS_EXECUTING,2020-11-10 03:07:51
,,,,,StorageDealClientTransferRestart,,baga6ea4seaqj5yijmroouaiqq6fkxemdymbwexv2tnyhrmppeu22bezi63g5wka,f02665
,,,,,StorageDealActive,,baga6ea4seaqj5yijmroouaiqq6fkxemdymbwexv2tnyhrmppeu22bezi63g5wka,f02665
,,,,,StorageDealActive,,baga6ea4seaqj5yijmroouaiqq6fkxemdymbwexv2tnyhrmppeu22bezi63g5wka,f08403
,,,,,StorageDealActive,,baga6ea4seaqj5yijmroouaiqq6fkxemdymbwexv2tnyhrmppeu22bezi63g5wka,f024015
,,,,,StorageDealActive,,baga6ea4seaqj5yijmroouaiqq6fkxemdymbwexv2tnyhrmppeu22bezi63g5wka,f02401
,,,,,StorageDealError,failed to initiate data transfer: deal data transfer failed: channel removed due to inactivity,baga6ea4seaqj5yijmroouaiqq6fkxemdymbwexv2tnyhrmppeu22bezi63g5wka,f022853
deplatformr-open-images-352.tar,QmcvVAFqU1SX5RNCK5FZKRqLLjK41gbGccMeopPJcit439,1d5a9956-7c2f-4c83-b24e-8d4ee9676938,JOB_STATUS_EXECUTING,2020-11-13 20:03:41
,,,,,StorageDealStartDataTransfer,,baga6ea4seaqlgsb5kuyzgiovods2juano6kfgxddbald7ursbmwqgr4ryusw2ji,f02665
,,,,,StorageDealStartDataTransfer,,baga6ea4seaqlgsb5kuyzgiovods2juano6kfgxddbald7ursbmwqgr4ryusw2ji,f022308
,,,,,StorageDealActive,,baga6ea4seaqlgsb5kuyzgiovods2juano6kfgxddbald7ursbmwqgr4ryusw2ji,f022352
deplatformr-open-images-385.tar,QmZYnwyPDyKn3pfxhksUei11dhPZMNj94sEh4wEoN81KP9,468c737e-3c8f-4369-9f47-250f7e03a32b,JOB_STATUS_EXECUTING,2020-11-19 22:18:36
,,,,,StorageDealStartDataTransfer,,baga6ea4seaqmynmnl42ymrahjdw5yhprm6l5hz37omfq5dn3d4ukwtayzbas4ei,f022308
,,,,,StorageDealStartDataTransfer,,baga6ea4seaqmynmnl42ymrahjdw5yhprm6l5hz37omfq5dn3d4ukwtayzbas4ei,f02665
,,,,,StorageDealStartDataTransfer,,baga6ea4seaqmynmnl42ymrahjdw5yhprm6l5hz37omfq5dn3d4ukwtayzbas4ei,f022352
deplatformr-open-images-327.tar,QmPV8bXjngbK2HEQ2UFXrzdrn8ui3oHLUqR8zoGGPL7CEA,5b450a6f-52cb-49d3-a5f9-9cafd9903105,JOB_STATUS_EXECUTING,2020-11-13 19:28:20
,,,,,StorageDealActive,,baga6ea4seaqcavpjzb47vpcd5wh4jh566pkhqe26yckxotejmxbvam66sdmjwgy,f022352
,,,,,StorageDealStartDataTransfer,,baga6ea4seaqcavpjzb47vpcd5wh4jh566pkhqe26yckxotejmxbvam66sdmjwgy,f022308
deplatformr-open-images-383.tar,QmVmZEx5rZidMYyEU8vfGrZdFWwtXQ2him8Vu7mAmcxHHA,a16801d9-5c12-46c2-bb33-300ef6e7d4b0,JOB_STATUS_EXECUTING,2020-11-17 04:44:41
,,,,,StorageDealStartDataTransfer,,baga6ea4seaqbovp5zlk6q5622wfs6p27bfrmnq6cllqm4q2yrwsoe6anllcckoa,f022308
,,,,,StorageDealStartDataTransfer,,baga6ea4seaqbovp5zlk6q5622wfs6p27bfrmnq6cllqm4q2yrwsoe6anllcckoa,f02665
,,,,,StorageDealStartDataTransfer,,baga6ea4seaqbovp5zlk6q5622wfs6p27bfrmnq6cllqm4q2yrwsoe6anllcckoa,f022352
deplatformr-open-images-424.tar,QmSwT7K6Prh8nPZ2jatGJj5hQ6RkZuL5dBW777PwqaA8gF,a2a751dc-5d08-4a8b-b53b-4c6920658892,JOB_STATUS_EXECUTING,2020-11-20 18:48:36
,,,,,StorageDealStartDataTransfer,,baga6ea4seaqbw4fm65tjxb5f7kxfzli54gnpidsrou3r4wduzqkya54y5xbh4ly,f02665
,,,,,StorageDealStartDataTransfer,,baga6ea4seaqbw4fm65tjxb5f7kxfzli54gnpidsrou3r4wduzqkya54y5xbh4ly,f022308
,,,,,StorageDealActive,,baga6ea4seaqbw4fm65tjxb5f7kxfzli54gnpidsrou3r4wduzqkya54y5xbh4ly,f022352
deplatformr-open-images-396.tar,QmQTrN2HMcwG89Fmne3Zy7YR5vrR6CpQX2AbfZygKpThpq,c9d1782b-ae8e-4999-b04c-759dd07ff1d4,JOB_STATUS_EXECUTING,2020-11-18 02:51:51
,,,,,StorageDealActive,,baga6ea4seaqclho6kih4h2duadn2dp7bhrc7umoo4p5ugq2yj47zljs4ji4owbq,f022352
,,,,,StorageDealStartDataTransfer,,baga6ea4seaqclho6kih4h2duadn2dp7bhrc7umoo4p5ugq2yj47zljs4ji4owbq,f022308
,,,,,StorageDealStartDataTransfer,,baga6ea4seaqclho6kih4h2duadn2dp7bhrc7umoo4p5ugq2yj47zljs4ji4owbq,f02665
deplatformr-open-images-313.tar,QmQ9W1njxJfC4LibzMgo4MnsBAKQJ2MUiihJvHwsDMSsLw,cc31b816-167d-4cf9-a2b0-a9e08ed4e2b0,JOB_STATUS_EXECUTING,2020-11-13 19:28:26
,,,,,StorageDealCheckForAcceptance,,baga6ea4seaqg4bmqd6sjf6jdj2e2dd4e5gclgz5tqliboht3f4wbqy5m63f5wjy,f02665
deplatformr-open-images-429.tar,QmZ1SFi2nwCNBH5MvjPzceRDVVRYRcdk9zeqvDpZZqADAi,cee924c5-a7df-4896-a124-45db976fd8e2,JOB_STATUS_EXECUTING,2020-11-20 18:49:38
,,,,,StorageDealStartDataTransfer,,baga6ea4seaqiesohduvctapbcayque6efxjncf3g2zivizxl5sbbjpz67guc2li,f022352
,,,,,StorageDealStartDataTransfer,,baga6ea4seaqiesohduvctapbcayque6efxjncf3g2zivizxl5sbbjpz67guc2li,f022308
,,,,,StorageDealStartDataTransfer,,baga6ea4seaqiesohduvctapbcayque6efxjncf3g2zivizxl5sbbjpz67guc2li,f02665
deplatformr-open-images-329.tar,QmaY9fDDv1yRGTW4d4V2EzHBHNYpQ4BiwUKZbiK96kwneJ,2e8404f4-1340-4da8-8e6e-211021d79862,JOB_STATUS_EXECUTING,2020-11-26 01:36:55
deplatformr-open-images-411.tar,QmarpunJ1mxr296JojLvM2C9T4X2zTfeCo8nmr4HaJaXVE,468580ec-7dd7-4d61-9920-77b01cb19419,JOB_STATUS_EXECUTING,2020-11-20 04:02:19
,,,,,StorageDealStartDataTransfer,,baga6ea4seaqhgobzwr3qa6l5zyp2dmeqbte2g4y223xdv546wff7o5fd4lomcaq,f02665
,,,,,StorageDealStartDataTransfer,,baga6ea4seaqhgobzwr3qa6l5zyp2dmeqbte2g4y223xdv546wff7o5fd4lomcaq,f022308
deplatformr-open-images-153.tar,Qmb1mPfB7gjM4ozZfabRQJJwSSugAUq22SngaPr3w5vcCs,83a8721b-cfec-4737-957f-632a017048a0,JOB_STATUS_EXECUTING,2020-11-01 16:55:15
,,,,,StorageDealStartDataTransfer,,baga6ea4seaqbatwqrdndiejkgoljd7b7mlykj6h5k24tzqneajp55vzvhsziiaa,f022308
,,,,,StorageDealStartDataTransfer,,baga6ea4seaqbatwqrdndiejkgoljd7b7mlykj6h5k24tzqneajp55vzvhsziiaa,f022352
deplatformr-open-images-178.tar,QmQvjVPvCQYKzDfSA3yhpAk4pxzhoYSLpVny9Mu6QxsHL2,953c789c-8677-4504-9ecc-d35b813166a1,JOB_STATUS_EXECUTING,2020-11-19 22:18:34
,,,,,StorageDealActive,,baga6ea4seaqf3n3omgyvlit2g7vq245vyni72a5aqsqpkmhkuyy6kes3i7muspy,f022352
,,,,,StorageDealStartDataTransfer,,baga6ea4seaqf3n3omgyvlit2g7vq245vyni72a5aqsqpkmhkuyy6kes3i7muspy,f022308
deplatformr-open-images-376.tar,QmdyAkdwJWtMqQ7AtNoVtbE26EY6LfWdDfH6S8p2hctVZw,a29fdb13-1e01-4101-8fb5-428f7215bf1f,JOB_STATUS_EXECUTING,2020-11-15 19:44:07
,,,,,StorageDealStartDataTransfer,,baga6ea4seaqdg5w5m2zoyeeb2wsns5m4xgdmzsrd3yfpqvojn5yahpruvk3giny,f02665
,,,,,StorageDealStartDataTransfer,,baga6ea4seaqdg5w5m2zoyeeb2wsns5m4xgdmzsrd3yfpqvojn5yahpruvk3giny,f022308
,,,,,StorageDealActive,,baga6ea4seaqdg5w5m2zoyeeb2wsns5m4xgdmzsrd3yfpqvojn5yahpruvk3giny,f022352
deplatformr-open-images-314.tar,QmUm9VqURQYpGHNsK3ptBSEJWYfjReSzsNopqLf1moPHJH,cc76f9cd-e17a-44bb-b19e-efb62a3f3741,JOB_STATUS_EXECUTING,2020-11-13 19:28:23
,,,,,StorageDealActive,,baga6ea4seaqd7h76ih6df26evae544asc43vbpfo5nzwxcmv6uuxhbqcupkyajy,f022352
,,,,,StorageDealStartDataTransfer,,baga6ea4seaqd7h76ih6df26evae544asc43vbpfo5nzwxcmv6uuxhbqcupkyajy,f022308
deplatformr-open-images-233.tar,QmZZUpLzv6ESWpEu1wtGMFwyApQ9iAyY7cKGX4WUyxPz2V,e8b171c7-86c0-4ffb-bf3a-487ab7a89d71,JOB_STATUS_EXECUTING,2020-11-26 01:36:31
deplatformr-open-images-370.tar,QmSiZXup48QiraP36RuYHvUnHA7HZenni7vYDS2caXdU8Z,5b46fe7e-075d-4ed7-b9e6-786973f1b3a3,JOB_STATUS_EXECUTING,2020-11-15 04:06:01
,,,,,StorageDealStartDataTransfer,,baga6ea4seaqhoiaqbepupdmaqsqw24kdub6eqfi7mtmi4cjtrtuxfudoyxgq2hi,f022308
,,,,,StorageDealStartDataTransfer,,baga6ea4seaqhoiaqbepupdmaqsqw24kdub6eqfi7mtmi4cjtrtuxfudoyxgq2hi,f022352
deplatformr-open-images-333.tar,QmRR3MGqxiWv7cSkS2iuRGrAdhLLk1S5bT32WsXeutwCg2,c74e774a-7842-49b1-8c48-eea2c72e38c9,JOB_STATUS_EXECUTING,2020-11-13 19:28:20
,,,,,StorageDealActive,,baga6ea4seaqmntztgvnowscvkupawtspjgfafgs5pseic7pk5r2bi3wbkq7ggbq,f022352
,,,,,StorageDealTransferring,,baga6ea4seaqmntztgvnowscvkupawtspjgfafgs5pseic7pk5r2bi3wbkq7ggbq,f022308
,,,,,StorageDealTransferring,,baga6ea4seaqmntztgvnowscvkupawtspjgfafgs5pseic7pk5r2bi3wbkq7ggbq,f02665
deplatformr-open-images-142.tar,QmQ743LGovqSbgGcQVdQJWG4UAd4SDJuuXa79Lsxd1Gk5i,d7902c6a-5b1b-497a-b339-6ec54012c710,JOB_STATUS_EXECUTING,2020-11-01 16:55:14
,,,,,StorageDealTransferring,,baga6ea4seaqfcaqekguj5t3aaj3hgk4nt7idzkaptpgtyhckxlkyf7ifqj7ampy,f02665
,,,,,StorageDealActive,,baga6ea4seaqfcaqekguj5t3aaj3hgk4nt7idzkaptpgtyhckxlkyf7ifqj7ampy,f022352
,,,,,StorageDealStartDataTransfer,,baga6ea4seaqfcaqekguj5t3aaj3hgk4nt7idzkaptpgtyhckxlkyf7ifqj7ampy,f022308
deplatformr-open-images-196.tar,QmXtohLzbmWBVk4JzNCsQnBDtjAuy2LEECke6tRzFXkiXz,eedd7c9f-24ba-4ab0-b153-6cad8b0cda9c,JOB_STATUS_EXECUTING,2020-11-21 22:19:09
,,,,,StorageDealActive,,baga6ea4seaqjuqcpp5am5w6hzspmjzi7ivky7kwriccjsn443icdkco74c7eeji,f024015
,,,,,StorageDealClientTransferRestart,,baga6ea4seaqjuqcpp5am5w6hzspmjzi7ivky7kwriccjsn443icdkco74c7eeji,f02665
,,,,,StorageDealError,deal failed: (State=26) error transferring data: deal data transfer failed: channel removed due to inactivity,baga6ea4seaqjuqcpp5am5w6hzspmjzi7ivky7kwriccjsn443icdkco74c7eeji,f02665
,,,,,StorageDealActive,,baga6ea4seaqjuqcpp5am5w6hzspmjzi7ivky7kwriccjsn443icdkco74c7eeji,f022308
,,,,,StorageDealActive,,baga6ea4seaqjuqcpp5am5w6hzspmjzi7ivky7kwriccjsn443icdkco74c7eeji,f01276
,,,,,StorageDealActive,,baga6ea4seaqjuqcpp5am5w6hzspmjzi7ivky7kwriccjsn443icdkco74c7eeji,f08403
,,,,,StorageDealError,deal failed: (State=26) error transferring data: deal data transfer failed: channel removed due to inactivity,baga6ea4seaqjuqcpp5am5w6hzspmjzi7ivky7kwriccjsn443icdkco74c7eeji,f02665
deplatformr-open-images-402.tar,QmdxLkVykF91d46cJWCkoQynsKZDG7NcuUngVEc2koyv5q,f0fbb4b3-a971-437a-b8b5-96eef88eb011,JOB_STATUS_EXECUTING,2020-11-19 19:36:57
,,,,,StorageDealStartDataTransfer,,baga6ea4seaqgnrftbdkoanyfdmhklzncqyqavrdy7e3iohpdjzbktzp4ybadkla,f022352
,,,,,StorageDealError,error reading Response message: stream reset,baga6ea4seaqgnrftbdkoanyfdmhklzncqyqavrdy7e3iohpdjzbktzp4ybadkla,f02665
,,,,,StorageDealStartDataTransfer,,baga6ea4seaqgnrftbdkoanyfdmhklzncqyqavrdy7e3iohpdjzbktzp4ybadkla,f022308
deplatformr-open-images-420.tar,QmYUxR4EXqYDG5Zo1qbsh5Yzx69hTXEbCd8i2jcXZLTSeo,cdda62eb-d5d9-46dd-82f3-0e3e0dd0a5af,JOB_STATUS_EXECUTING,2020-11-26 01:36:47
